,0
0,-119.87742316118758
1,-192.02702013404945
2,-187.92780758189167
3,-180.37504227177857
4,-320.20622724209886
5,-308.57165976767055
6,-85.8558599353045
7,-249.0154899952827
8,-353.3023836334256
9,-270.0575061753857
10,-432.0409322102013
11,-116.72897981219148
12,-164.30437999500572
13,-112.61819243776316
14,-118.05821740699284
15,-97.20318181772186
16,-378.3243196504761
17,-128.23175521747217
18,-72.79045313693325
19,-56.980409813885146
20,-176.85348423715544
21,-389.2938025069205
22,-189.08200518786074
23,-34.67760854524117
24,40.341981723582904
25,-89.65471937988463
26,-431.068695215795
27,-89.51964724358294
28,-96.74934080359375
29,-165.1155705405301
30,-136.930106752369
31,-119.04039456144363
32,-131.91929268804034
33,-299.727360224269
34,-114.19223624233739
35,-196.27972373770996
36,-412.33070255541094
37,-107.09228563891415
38,-118.57457771064671
39,-122.91932709338685
40,-145.68646954657768
41,-123.12520980812798
42,-113.26339745767403
43,-482.5473289666889
44,-207.0066378658588
45,-94.01718538968898
46,-141.59203306906983
47,5.921187456267759
48,-185.30301304892032
49,-399.66861744701663
50,-290.08177538251425
51,-188.6308184961071
52,-337.1178833538124
53,-150.12348055406193
54,-111.2468937715438
55,-145.25293510174458
56,-110.84359732303571
57,-282.1475055030376
58,-97.68406724691015
59,-223.26321318120353
60,-160.43513461150445
61,-172.28056499494812
62,-129.17597624564536
63,-248.96224900379582
64,-148.19242849580206
65,-160.57714331703744
66,-447.056610731231
67,-238.3648500633765
68,-313.3902163399289
69,-387.34432346356215
70,-101.12949402378277
71,-80.90626640124148
72,-83.63590639443812
73,-144.75456326645428
74,-76.74947093815723
75,-74.65179617719276
76,-103.44052579274538
77,-113.97025859915216
78,-3.668146500994709
79,-84.0799933478188
80,-121.46285538141268
81,-118.98289505827049
82,-75.98068833063493
83,-224.80253035682478
84,-91.86354077441011
85,-75.29892744402977
86,-113.38844901986162
87,-339.6208771799535
88,-95.72116311994512
89,-310.8623434193794
90,-210.89713899999174
91,-257.4488101129507
92,-185.33452496223077
93,-167.03829727388842
94,-148.4516544185949
95,-126.34554904447769
96,-104.0797320893942
97,-112.42218231424508
98,-116.56168421755343
99,-68.66423480327816
100,-145.01966129135474
101,-106.76362743488615
102,-94.22663231510947
103,-105.93192119438469
104,-310.0175210297243
105,-151.5639490842937
106,-125.55196285912965
107,-136.01902589722414
108,-106.47228096959451
109,-283.97838055305726
110,-156.2880897593721
111,-50.17399771935621
112,-94.30692817083138
113,-236.9154729162906
114,-278.8231282527106
115,-296.0741370457023
116,-284.349862541477
117,-154.6889657847037
118,-173.4908603031389
119,-65.59873932092806
120,-483.3481596020374
121,-354.5058784330827
122,-112.98472163532901
123,-311.7311199223525
124,1.1004160283822273
125,-199.23912515386297
126,-107.25763684772001
127,-382.5230628049964
128,-479.63304331671685
129,-358.0016787578424
130,-91.8328817099801
131,-44.449947941605934
132,-75.3731915546549
133,-110.03084610882861
134,-128.2976336765597
135,-146.17727119809365
136,-178.4315176648687
137,-129.8652865873658
138,-356.895165983682
139,-111.2172243112373
140,-363.4995231878947
141,-78.27351683862486
142,-166.19516387882635
143,-314.7606707445104
144,-298.0022651201278
145,-89.83942406196716
146,-103.76927499168912
147,-93.38810282045746
148,-311.1897211070767
149,-111.37653757438855
150,-125.89766624145403
151,-265.53313553941905
152,-354.0267398546893
153,-178.09110092423958
154,-126.33559772123725
155,-413.35542986932495
156,-113.41496196681739
157,-214.70843502392125
158,-134.5761314095563
159,-130.56084001359773
160,-197.3633063755065
161,-113.12724753839372
162,-83.90146366755613
163,-128.28789384253815
164,-150.26228426697455
165,-237.35673345725172
166,-106.06989970235436
167,-110.67075289582327
168,-109.96324242024838
169,-94.5063467161101
170,-312.5697256532706
171,-252.65379594193567
172,-97.53932731400903
173,-61.36708358249288
174,-89.00774281676628
175,-130.80754115809623
176,-105.87301134900781
177,-197.4426175698132
178,-82.5802264687189
179,-126.25083299863968
180,-116.30816678770836
181,-111.58935365152203
182,-105.27995890975409
183,-102.07174722096406
184,-112.1655758207429
185,-130.0919974261644
186,-123.88705574784038
187,-147.16506848567047
188,-121.15994333483927
189,-105.66564757489455
190,-237.84692418807288
191,-373.4160852952093
192,-103.33288545143023
193,-304.4521832696198
194,-98.65334836327503
195,-337.0350312810603
196,-262.9476570744587
197,58.975730571816484
198,-303.5053904507532
199,-46.03590143356318
200,-106.36851115655396
201,-285.80217780828673
202,-118.87548688438298
203,-195.08174767917131
204,7.641024546295839
205,-96.67256373851711
206,-68.27593836300761
207,-116.85974560851695
208,-234.59883653211818
209,-101.57279497269533
210,-53.549948853957865
211,-108.16971791289836
212,-359.06900057300254
213,-129.67311955166417
214,-586.8496749230233
215,-372.3015029427315
216,-105.6389468291582
217,-131.72895229718065
218,-112.25743624853546
219,-125.53135168949665
220,-93.75233423087512
221,-157.51170991310164
222,-120.80406512787054
223,-90.15018558543613
224,-225.1371021637011
225,-109.53914917055374
226,-93.3830886674616
227,-264.0936420019132
228,-113.4883309293124
229,-225.9357745775298
230,-119.29869268076375
231,-101.50089466652548
232,-102.30966380148874
233,-91.72670982008438
234,-418.32644323394766
235,-95.5920353103243
236,-129.90373876871382
237,-231.0419325588767
238,-81.88191821961084
239,-210.10193928516105
240,-112.62007028522737
241,-267.3181973362995
242,-64.25764720197978
243,-215.90336989668543
244,-104.5740533832488
245,-101.97564771669921
246,-123.33831052395914
247,-117.34150227872075
248,-177.52854027138318
249,-136.0279630107696
250,-60.85678237592378
251,-187.54038321628678
252,-81.90501707607136
253,-138.2135143075754
254,-195.0692902647249
255,-10.245734550487171
256,-67.11186641120608
257,-120.52142369173897
258,-99.86280853778358
259,-172.99863431182013
260,-368.9823284447134
261,-0.8429338449877548
262,-147.30125844766198
263,-169.457616960773
264,-130.7926578081979
265,-124.04938502628076
266,-101.12895229573009
267,-29.876690385710347
268,-60.656490618041886
269,-95.01237233140137
270,20.325873578790365
271,-89.728549988531
272,-285.4077116161502
273,-256.48470473553834
274,-85.65621498049849
275,-101.54835032569162
276,-88.37539676062599
277,-78.98839975733941
278,-67.32557329641737
279,-216.37690885205362
280,-52.396133118712896
281,-104.0201681405296
282,-70.92497802915058
283,-224.02821406471048
284,-87.60101413217085
285,-84.7940181136363
286,-141.95849561130368
287,-135.18277221688686
288,-131.47498881934993
289,-121.4941043915623
290,-176.0075401626562
291,-153.66727372661674
292,-90.52778276377319
293,-266.9250023627699
294,-320.7308516815797
295,-77.52161909838105
296,-103.35298375994795
297,-51.39842613817156
298,-309.6727853020224
299,-290.52223926815634
300,-153.07362671493402
301,-324.2220902955665
302,-168.92583308695913
303,-267.1389275150398
304,-56.380082745078525
305,-37.22657407884855
306,-155.0424687137357
307,-135.68051162434267
308,-101.14686821295078
309,-147.62075698610238
310,-86.20720841948224
311,-128.5099240006732
312,-163.75128905840702
313,-60.22195989234565
314,-46.86932384255473
315,-405.54873179386766
316,-120.05091176827405
317,-118.5919022258606
318,-107.37602892259538
319,-292.7757620218401
320,-232.81730755097982
321,-58.09306240060218
322,-91.8601621507562
323,-109.0025292937396
324,-7.5295152493776385
325,-134.75255400924877
326,-93.08843856260859
327,-140.74776905640863
328,-89.26428514643715
329,-131.18878759874778
330,-76.61486996887707
331,-113.26822195342844
332,-146.21348705162853
333,-125.5680280559781
334,-92.63131142170808
335,-125.36955807727131
336,-76.06769421756881
337,-108.477606263021
338,-128.88167825485928
339,-119.3913422811319
340,-94.32282676387032
341,-134.44510977314496
342,-150.6242923113673
343,-96.06998012916048
344,-96.03713302239532
345,-163.02288007672598
346,-105.53826604982702
347,-105.9733316665318
348,-91.76597131205294
349,-181.2969234471917
350,-216.33372016568632
351,-93.9126250758633
352,-84.6040562709688
353,-209.01634178835542
354,-102.48597287326078
355,-142.67395654120946
356,-154.46097612927002
357,-106.89670787172993
358,-221.7899344476448
359,-80.47381173183982
360,-114.54762206274434
361,-82.82976689928006
362,-117.69080280755554
363,-81.98737791100409
364,-107.76767239879639
365,-154.98091534109633
366,-122.52397539028084
367,-125.73200773146506
368,-103.53236769918378
369,-259.7883216281894
370,-144.61173405690465
371,-70.82510390160455
372,-103.40376703436198
373,-52.74731353074249
374,-97.28945224032041
375,-233.49702170093406
376,-466.1915649409363
377,-97.74445727738909
378,-101.04115817094197
379,-69.7545154691089
380,-178.2927081779983
381,-87.92657678810511
382,-132.49039919030753
383,-83.86415047370014
384,-144.86368524842396
385,-276.2537010273129
386,-143.13663654618773
387,-112.5483364547125
388,-136.74734413930088
389,-184.60162185104622
390,-71.11099682215054
391,-258.31447512400746
392,-123.92532077913872
393,-92.5850312339211
394,-101.31105162580405
395,-102.51504913979076
396,-61.36211586670155
397,-111.66749422338253
398,-344.2684194022762
399,-94.4424027163427
400,-270.4683977805538
401,-124.68107431606123
402,-35.06872375284064
403,-114.33600746560612
404,-124.31833525604867
405,-88.98818699400479
406,-122.2674504209337
407,-180.18514099763496
408,-170.1892965110054
409,-235.15926645626155
410,-121.42501350620914
411,-175.50072853381266
412,-103.61077229370171
413,-194.1996410985305
414,-117.46122526112609
415,-110.02975809329199
416,-119.54516708110488
417,-155.1546775868266
418,-436.1232638555705
419,-110.73594519876578
420,-79.92088395113527
421,-91.52288273286048
422,-257.0643954650757
423,-119.89326127876339
424,-118.82193942959964
425,-261.6892355951715
426,-357.58975959952954
427,-104.28919957306789
428,-136.2112465081402
429,-113.45171979463143
430,-87.21097908640611
431,-203.76658960379478
432,-75.47015118401048
433,-60.382833529281974
434,-245.24636613494792
435,-234.06074836262337
436,-118.48984723088918
437,-86.30625662261758
438,-189.9644879501031
439,-148.08992274600286
440,-154.73405580388976
441,-122.09310738811644
442,-268.41481723002244
443,-57.624678017968925
444,-137.14375312533613
445,-86.57915995160593
446,-116.7161950405853
447,-95.8102077706023
448,-240.97629135411546
449,-476.9941964427277
450,-97.57423728314137
451,-101.9314432202087
452,-216.40865491040606
453,-108.5024988975172
454,-134.54898955408868
455,-50.630032499391284
456,-117.43562403767115
457,-333.6258681823391
458,-64.96095409138047
459,-179.9064275534154
460,-139.33704999130018
461,-131.99789111032783
462,-210.6076823705576
463,-137.28998916093212
464,-248.8942021382866
465,-168.77821387452624
466,-134.16352859821728
467,-27.506439002990973
468,-169.6312169560221
469,-112.78522352084794
470,6.090870065541537
471,-141.66686657998713
472,-267.9034438668597
473,-290.2069182465873
474,-140.66460222801726
475,-220.25212853623773
476,-58.52589382714389
477,-74.21538706601011
478,-27.17227257963299
479,-172.83704229963382
480,-99.32883342721684
481,-115.4808283338716
482,-241.48050941232142
483,-147.9544889439351
484,-98.06730483687517
485,-97.31118842221369
486,-122.28473190891857
487,-91.82562950263514
488,-81.5914367250966
489,-69.57659548159242
490,-126.42425984687789
491,-174.13099874822663
492,-92.85376416393142
493,-81.06555604526676
494,-119.96795648016614
495,-62.31379226230603
496,-56.210579680924006
497,-114.33419375577829
498,-36.38880179272117
499,-87.88708126027262
500,-181.92155272004436
501,-163.51182080592713
502,-116.21158622953274
503,-304.74483298305415
504,-312.56014451121564
505,-123.1941132178372
506,-67.75638617151547
507,-137.34113513354336
508,-106.10131867003858
509,-104.33432591597108
510,-133.9721649891826
511,-108.93737826053874
512,-284.7891262358392
513,-71.1482490689125
514,-92.88583706082389
515,-210.87984289778956
516,-91.38371650684202
517,-139.24788579390193
518,-85.41578440433352
519,-214.24767103043888
520,-111.3388642421531
521,-145.6152649517553
522,-95.96529733865036
523,-80.11418222239973
524,-110.18973895128394
525,-251.47619487273516
526,-149.00752801204828
527,-135.4271938509786
528,-91.11088553799229
529,-99.7738370387309
530,-207.17598006224506
531,-135.986962542529
532,-296.41189079505625
533,-84.26440937873423
534,-94.86274694246325
535,-76.91463912687861
536,-308.4297279387504
537,-115.40746392500911
538,-58.675224915306
539,-91.06282899031746
540,-125.60734585181783
541,-137.4632594847968
542,-143.73249725905015
543,-67.0458506009566
544,-99.94013933467166
545,-150.33405566810234
546,-386.954047073603
547,-67.77387556570048
548,-116.03650858162544
549,-303.1887476539746
550,-194.77689908649583
551,-117.33057657900385
552,-75.04503519808205
553,-72.16136303956338
554,-290.7451549338915
555,-199.66870407874455
556,-97.2613895469666
557,-66.63638010540345
558,-49.50050546806415
559,-260.7057870820389
560,-201.05418824889875
561,-130.6224263508551
562,-91.7254910701923
563,-124.22814264808821
564,-101.35751822023698
565,-115.38694387719067
566,-109.5527539447425
567,-116.47901662992635
568,-87.94537342825276
569,-111.00178574583397
570,-111.77119961444455
571,-78.67484862956243
572,-164.30073919970133
573,-170.6349329110912
574,-107.31293775938192
575,-80.58976380149153
576,-83.71838576758026
577,-112.04955215357822
578,-127.96336574766806
579,-201.33133816688326
580,-86.74272776209148
581,-89.14624740890284
582,-401.73550073332177
583,-103.46715830688755
584,-234.98739451574744
585,-111.72412069957682
586,-326.5261680911475
587,-102.96467808197231
588,-438.7510509886454
589,-106.5223668234804
590,-81.63275779710929
591,-83.92385536700749
592,-66.09364109891975
593,-127.44717823009717
594,-151.96763406408937
595,-135.77702349971884
596,-96.99986523659037
597,-138.1979435440025
598,-124.55245339867963
599,-392.3002846146154
600,-130.7340146987886
601,7.265603755095654
602,-177.09177154434974
603,25.11407340451406
604,-74.25098542885365
605,-107.79009201292097
606,-328.9150588473817
607,-170.52415586914327
608,-119.37973880507919
609,-132.3704387973398
610,-2819.4796882876403
611,-170.31303386157418
612,-182.07719530426812
613,-96.58678830457191
614,-87.46533561936687
615,-25.84461399421923
616,-73.80693684856067
617,-120.58646193601807
618,-193.41833710950465
619,-106.72073121699458
620,-46.373739095000474
621,-143.71065897484883
622,-134.3304053256858
623,-57.80933810951582
624,-100.20457422129903
625,-55.292477106963325
626,-69.04805680557836
627,-58.47058499485549
628,-110.94593426768472
629,-70.67021692524622
630,-118.7312041911524
631,-98.05891983539944
632,-278.07157289762176
633,-112.99393761290878
634,-111.82739481833757
635,-194.45875282979608
636,-63.33317209861407
637,-80.42986194208024
638,-91.02793636265771
639,-100.07274082313275
640,-113.58067917792827
641,-101.38393649169387
642,-59.147167426391015
643,-109.89791587951063
644,-245.78932876773573
645,-174.90283463530017
646,-142.35564168866
647,-87.9411953928681
648,-71.90404081745157
649,-120.48505467113011
650,-58.378276641431185
651,-102.17669269658167
652,-71.47465451065146
653,-112.04112685165916
654,-93.70930903515892
655,-70.70946232817826
656,-101.86882851338409
657,-100.48039698640156
658,-39.46494189142506
659,-85.55086393996373
660,-96.83590964782616
661,-86.99434510426525
662,-119.8097714198667
663,-245.97862034662396
664,-58.995225049043434
665,-74.88519508757702
666,-53.43632663953041
667,-68.89585119572449
668,-99.28992627768679
669,-43.69491047100138
670,-20.875694791561017
671,-121.53373792346345
672,-151.38799416418044
673,-29.37906637265681
674,-60.745212623208815
675,-127.16605311775781
676,-167.88267583185518
677,-72.03447285982703
678,-115.4529322979219
679,-141.48069681567299
680,-60.93401121707688
681,-112.02193632439499
682,-76.58471758408982
683,-25.72864399775922
684,-74.69210097323753
685,-77.56073233309442
686,-56.66977099233032
687,-63.96410064530875
688,-88.04855444879611
689,-106.3831211931852
690,-83.24988194267387
691,-138.19653902086634
692,-21.505599493153895
693,-160.36769947057832
694,-310.9473729893523
695,-77.69305193964705
696,-140.3094482700627
697,-67.91538927150829
698,-349.7330009025093
699,-120.23100429156132
700,-242.43552960725629
701,-77.87924810638303
702,-93.67658190090343
703,-103.14552981501589
704,-63.90689657289955
705,-85.73995293164258
706,-107.91019068821194
707,-87.71475455567169
708,-163.66557207537167
709,-85.7255651957237
710,-32.21941215978967
711,-23.566117945834748
712,-211.759712986999
713,-104.17778938217859
714,-105.00812693711347
715,-206.084047445514
716,-89.27867052909073
717,-135.40723843040377
718,-170.33854023151997
719,-102.73181050759484
720,-70.8971550465291
721,-82.45188805044165
722,-99.60965229191368
723,-89.09221349330001
724,-66.03928885531428
725,-122.02027637304832
726,-86.93291816757993
727,-102.27144357070709
728,-166.3707181673036
729,-119.67197741154592
730,-144.94208654911745
731,-52.37962185187329
732,-133.28887638260116
733,-206.85445812943652
734,-51.81249294096314
735,-73.34102460823658
736,-102.40046532254081
737,-113.56737827086985
738,-89.45665138113915
739,-144.38763299070237
740,-67.0609452511203
741,-104.2674054314815
742,-93.82850992570074
743,-95.94428869908315
744,-125.96724074888476
745,-75.25004896851729
746,-86.47758063481226
747,-117.51025562924929
748,-100.06052478590502
749,-56.690946383497675
750,-85.46121441263301
751,-100.75440414146047
752,-96.55576457549034
753,-177.74172750895545
754,-55.92283600247559
755,-62.00853279436936
756,-73.88647388377241
757,-106.39330776667981
758,-83.25056528165088
759,-109.8231171867293
760,-109.82780142649034
761,-197.72908728652527
762,-73.1246576395737
763,-140.1461263877939
764,-14.806101824884664
765,-109.88932416133179
766,-97.14951661837007
767,-100.42881271426681
768,-70.19039244683313
769,-68.51746747839046
770,-122.34532710637122
771,-43.66785691608405
772,-189.60485243815464
773,-83.46638637509346
774,-80.8576349314533
775,-105.23294779049543
776,-55.32664701378846
777,-80.31204459803565
778,-72.47418638050053
779,-108.6722830031035
780,-110.57665049863998
781,-81.64698710801471
782,-136.02954412169203
783,-51.66012636299084
784,-44.39629330004055
785,-69.16254984580058
786,-115.02226069646116
787,-136.93402097049812
788,-81.48586897780484
789,-89.48367158279683
790,-112.42060867812197
791,-142.35158390186712
792,-101.44251833129103
793,-123.06949185129548
794,-147.0409095184781
795,-121.47874776096936
796,-54.737899210006006
797,-106.62945754485122
798,-129.64964131522012
799,-71.80605915285645
800,-170.40862227532438
801,-116.3097442227526
802,-95.12403864673291
803,-81.85887768366756
804,-196.93697942483413
805,-81.87607813929817
806,-102.53755694203544
807,-144.91000426973415
808,-110.99492611247673
809,-90.73011756682436
810,-97.8407580978373
811,-66.77238083493529
812,-51.303940958540935
813,-47.78802964305389
814,-46.7410430742597
815,-47.66046890044056
816,-87.78726530505656
817,-163.4433641477368
818,-104.0340503348285
819,-119.1612009850336
820,-116.63775383732195
821,-216.9554862596401
822,-80.53232501126836
823,-89.88496068976798
824,-81.51145817259116
825,-107.89030720926671
826,-71.18761430937604
827,-103.78522990971082
828,-92.71249105693065
829,-46.73132394811486
830,-63.25144249377996
831,-89.78098426181464
832,-46.97335042975438
833,-81.23180984081571
834,-60.689461504219956
835,-195.25651072097781
836,-100.72398691440034
837,-288.9699594148798
838,-61.26757304448237
839,-69.5974027391456
840,-56.37037536759719
841,-109.80428364039268
842,-78.62622804209592
843,-109.12828573177114
844,-123.53544957949094
845,-72.48544102344007
846,-52.33741510736785
847,-108.67181616989109
848,2.60380413457969
849,-98.60897998560075
850,-105.97309022375465
851,-106.78824982777849
852,-75.93236373068314
853,-50.01535581950267
854,-60.53705387110478
855,-59.84572351729036
856,-124.12242843525559
857,-115.53630028598842
858,-106.92876234609295
859,7.521928343076709
860,-100.20267546068004
861,-122.96111877791805
862,-56.77550232314108
863,-96.59535773634273
864,-131.1631627038835
865,-222.29216361670137
866,-78.01336495898201
867,-117.80092220887218
868,-315.92708623991575
869,-99.54186731629817
870,-262.4707645663617
871,-89.97367313501485
872,-79.41889396998522
873,-55.9679462734794
874,-83.49047368633668
875,-79.54786447881843
876,-97.07002964642192
877,-169.8213415162009
878,-102.1561709001579
879,-82.1345744639234
880,-56.07889437254758
881,-75.16583937956128
882,-93.225779430878
883,-61.03799871434988
884,-90.1580461312711
885,-76.45609099629544
886,-178.01156647052417
887,-79.89210254241824
888,-98.71915965334702
889,-60.469235710900335
890,-91.45671524914016
891,-77.75909735963764
892,-104.56139007665122
893,-248.3961424893627
894,-58.069090134001854
895,-205.19401968870523
896,-37.45923089443187
897,-107.20619157136392
898,-95.21218591203197
899,-66.5762666430519
900,-131.43316776657053
901,-94.32677840334199
902,-29.734341140911937
903,-60.00172029694687
904,-141.1602146747529
905,-83.61316509037843
906,-80.44060099135571
907,-86.471394561352
908,-75.12707413397861
909,-56.00505422421291
910,-93.92431068446305
911,-91.52247010248831
912,-33.055828361107814
913,-194.80213736474263
914,-63.57062777594743
915,-77.87498751727064
916,-162.16512701246057
917,-86.71769416313262
918,-71.75657693768125
919,-176.51695954730135
920,-71.14429935097446
921,-63.51405078227771
922,-49.024216136774214
923,-204.338168815618
924,-124.10862624877281
925,27.881566203459542
926,-99.87089007297116
927,-69.84372957413245
928,-100.2859422990131
929,-69.97003848969868
930,-23.33269629560597
931,-79.10756774834601
932,-149.35161737528585
933,-88.28460670151814
934,-101.54872708078909
935,-69.78773293842642
936,-125.43052582890238
937,-102.88828537437347
938,-30.058517612204454
939,-73.31741046991928
940,-99.94966987439919
941,-127.30199186849948
942,-96.46052944588591
943,-57.25375738190977
944,-64.36477835563417
945,-86.38826451664997
946,-70.76749367758877
947,-67.28271676070472
948,-97.6962089910366
949,-254.46929725062307
950,-29.024119196171355
951,-86.54308768944797
952,-108.17246314448255
953,-88.24907806548967
954,-75.50610109191948
955,-144.51314751497347
956,-44.08342561628463
957,-75.51601752406287
958,-42.04470135677016
959,-158.69922785823337
960,-89.56018995889534
961,-71.0888737212379
962,-58.89523965148257
963,-173.59100436020384
964,-65.9045590955111
965,-101.92724783198047
966,-76.97390346373527
967,-52.5722942880888
968,-96.69606502206203
969,-122.70679414230935
970,-114.24957582092837
971,-82.38574955332744
972,-43.41327062950613
973,-90.08551670259853
974,-32.622546537892234
975,-75.92748544762046
976,-104.06484942360328
977,-83.42519065874511
978,-98.12529759174582
979,-144.2092734959975
980,-134.0668905120638
981,-124.26599608055464
982,-127.11436043410212
983,-84.62565185780753
984,-197.0744357386581
985,-53.533847417205756
986,-58.96822736104993
987,-127.7304763334341
988,-19.6197531047022
989,-120.18757338872079
990,-133.8506419886906
991,-58.06184665508583
992,-82.81745192865642
993,-173.97823548077838
994,-150.4019520289902
995,-79.36058175561085
996,-291.3562882825595
997,-87.86447815388526
998,-121.81641246865529
999,-44.82776991009074
1000,-106.54920956969396
1001,-102.81857313424476
1002,-40.66669610697198
1003,-153.01439572656682
1004,-86.68831268305016
1005,-71.43856314887032
1006,-160.86950471780904
1007,-37.5169634435663
1008,-62.07913006959835
1009,-88.459934887262
1010,-117.32619700933124
1011,-125.1946266227818
1012,-39.45943862654829
1013,-73.99217386081146
1014,-107.34477844673897
1015,-242.25425696591176
1016,-68.33250554186844
1017,-195.77826232334365
1018,-0.21878508915405348
1019,-124.73013180166559
1020,-64.8185764519466
1021,-26.585723439678773
1022,-246.80793708283045
1023,-98.60402251188398
1024,-80.85414122936928
1025,-101.65386264877827
1026,-92.24740583578784
1027,-76.01573094959677
1028,-80.95593393659043
1029,-100.78323540607127
1030,-94.82316453912341
1031,-103.24568954121743
1032,-62.53131582272295
1033,-141.04682685062528
1034,-98.05725052080813
1035,-68.75346440037649
1036,-97.98155569013768
1037,-12.78362858121605
1038,-84.03439766796804
1039,-215.68789576333478
1040,-28.769424659296178
1041,-94.23630695192055
1042,-135.36543227804208
1043,-169.8361514957987
1044,-104.15906501423281
1045,-63.61122448621842
1046,-80.01042905577992
1047,-79.18461405516861
1048,-82.65934646217103
1049,-98.24482732254341
1050,-111.78748777812388
1051,-19.6553760472504
1052,-160.86733998318323
1053,-155.40610386693817
1054,-134.03918227954944
1055,-110.44799172103396
1056,-83.15299987682786
1057,-296.5907744647344
1058,-41.13822750161721
1059,-45.06000000993369
1060,-140.86947285370394
1061,-43.74329971233945
1062,-77.47807394256002
1063,-54.77566711653495
1064,-92.11917767579507
1065,-185.31728600370633
1066,-133.6975312595199
1067,-98.35539764932328
1068,-35.98941845835736
1069,-58.2350410063472
1070,-82.85941267153292
1071,-77.43310027986122
1072,-74.79900252782906
1073,-134.75507156592641
1074,-71.95549534637834
1075,-97.42777842037265
1076,-137.1602917735433
1077,-49.925396636482375
1078,-99.16737831993746
1079,-114.01359467791167
1080,-102.99635661790406
1081,-121.28607305862475
1082,-90.97385607083694
1083,-86.25275992396897
1084,-111.6760099848855
1085,-83.37088466170482
1086,-99.37449914798924
1087,-63.835214662762475
1088,-58.89155569061537
1089,-61.82282682676592
1090,-105.62488105959277
1091,-66.73733325575051
1092,-112.57455114312394
1093,-83.97953276972115
1094,-67.02077022440032
1095,-59.8718279496247
1096,-92.50234805998926
1097,-54.606908752554055
1098,-77.55880692948078
1099,-37.143311669840216
1100,-45.41398454362051
1101,-51.99768604804291
1102,-113.27431811493665
1103,-80.4524346177099
1104,-281.5860630462631
1105,-80.45144268391019
1106,-79.58749919876098
1107,-44.601142245856416
1108,-108.14089953856113
1109,-76.43849459983207
1110,-106.47770192884026
1111,-246.71055784858535
1112,-129.88036806280576
1113,-130.71274704900404
1114,-76.4548898673945
1115,-108.56118640508386
1116,-27.07886990317118
1117,-46.88885022469441
1118,-103.25233050308292
1119,-90.0353657522791
1120,-193.3262998044911
1121,-45.93625595418084
1122,-129.66846708251478
1123,-56.85313157618737
1124,-99.7315102128444
1125,-166.80186864108015
1126,-47.61905853347328
1127,-123.19651365429735
1128,-95.27114504438302
1129,-99.98355471583743
1130,-95.11257054163488
1131,-139.91333285057894
1132,-99.52240451766363
1133,-92.37144757264745
1134,-98.43584895337621
1135,-50.574834427977734
1136,-83.31235397925816
1137,-77.70120469307713
1138,-236.79908515591924
1139,-148.95263140824363
1140,-67.702861782936
1141,-106.32969039914971
1142,-42.99060522755755
1143,-133.8621313288918
1144,12.407758157012168
1145,-116.19767326728041
1146,-107.24098098410275
1147,-101.40698551099777
1148,-76.9284009817107
1149,-53.230836762950375
1150,-108.84625923766367
1151,-39.08915658301986
1152,-33.367802482816316
1153,-90.65009661077916
1154,-72.63389692128752
1155,-38.99519513180421
1156,-58.751177053641285
1157,-122.25800344959808
1158,-46.29876258113969
1159,-155.96179878161232
1160,-237.93430857356762
1161,-82.5411279985652
1162,-81.05081568113675
1163,-108.50369720283956
1164,-83.57696515594976
1165,-69.09678999104386
1166,-176.85071481255986
1167,-97.68293287731645
1168,-15.604591205289651
1169,-91.16366036310286
1170,-50.89504643473629
1171,-83.27446365497838
1172,-91.99962268977646
1173,-107.40201667826346
1174,-153.72448412944598
1175,-57.878226917350624
1176,-116.83134311468613
1177,-84.76045850469839
1178,-42.93267012315989
1179,-109.65888992330783
1180,-102.1278225082239
1181,-113.91834138116883
1182,-72.63061053356284
1183,-97.22147740885657
1184,-41.273189275245414
1185,-68.17723516563055
1186,-123.51543064041375
1187,-99.5827689908783
1188,-56.900860826461155
1189,-52.25940082577429
1190,-101.27788889206388
1191,-116.296613003838
1192,-115.53390291409404
1193,-103.66534697584619
1194,-54.70573273321846
1195,-73.90583769481424
1196,-63.86966857435779
1197,-64.32075966999369
1198,-127.57437152426222
1199,-104.08582633404778
1200,-74.04114661356675
1201,-88.57275511040446
1202,-28.181000339830987
1203,-224.71194495228204
1204,-54.90359468081895
1205,-95.11528611449558
1206,-107.50832241002996
1207,-9.719844840343
1208,-77.60761730499391
1209,-62.425947722937956
1210,-110.5309967547192
1211,-115.10433020597151
1212,-134.27237758957534
1213,-59.967176212835525
1214,-80.95181337316285
1215,-129.23758268677935
1216,-77.85940413780185
1217,-58.83460547515863
1218,-56.3064992934155
1219,-70.75284713418873
1220,-69.09997244029202
1221,-111.29816081607913
1222,-94.84020950235315
1223,-130.71049576569234
1224,-91.05282440039709
1225,-108.55664901529838
1226,-65.36543030809293
1227,-41.59564542295846
1228,-228.4480543133191
1229,-66.19256013554192
1230,-83.3593456629083
1231,-110.33147015909574
1232,-39.27024384669847
1233,-121.71438391295197
1234,-56.959027140646455
1235,-67.3392809708732
1236,-118.90579615948114
1237,-76.42507741710635
1238,-112.87793464434837
1239,-134.95282433804795
1240,-64.71480151219706
1241,-67.83632416274054
1242,-104.95517473002224
1243,-51.512650626836916
1244,-54.24780800189664
1245,-121.725517263119
1246,-86.28642326420105
1247,-78.76793047868262
1248,-88.82570666509271
1249,-72.12687658464048
1250,-27.24159486710954
1251,-122.0444503536284
1252,-51.065443057198486
1253,-37.47186106990246
1254,-76.00768705896232
1255,-70.28827041719065
1256,-33.39806938669956
1257,-71.76986436987181
1258,-65.22900629587986
1259,-71.73141057561902
1260,-80.54365662045257
1261,-91.53625672864231
1262,-83.77719607371415
1263,-88.75128936403387
1264,-75.88848863180087
1265,-37.553978054128436
1266,-114.40325142462746
1267,-83.2785698667985
1268,-64.30298577340503
1269,-119.24662098577
1270,-38.259056189724916
1271,-90.3670128291097
1272,-119.05659783847076
1273,-51.99185136747516
1274,-45.71605348051687
1275,-96.04007996218357
1276,-79.31157999731332
1277,-190.20147742560653
1278,-93.7656029357849
1279,-129.9571355278062
1280,-101.50274299890008
1281,-116.46656852430827
1282,-136.7808412375286
1283,-58.01621082298766
1284,-100.9723142754786
1285,-113.75571728288725
1286,-74.55872664947726
1287,-120.29937176691247
1288,-113.30997294205605
1289,-9.42765640209366
1290,-99.86462885106296
1291,-5.646147059040615
1292,-89.09495684210586
1293,-83.11031082483164
1294,-45.03312134372935
1295,-39.62034065667401
1296,-104.71115096718903
1297,-109.43867167117133
1298,-82.3297663918813
1299,-112.08695262044773
1300,-131.3545996912834
1301,-64.32678036081171
1302,-124.7142799290568
1303,-25.186087504339852
1304,-71.22252339141542
1305,-20.043690651260306
1306,-90.00657207314394
1307,-103.11393009996307
1308,-19.466712075403876
1309,-40.19020075430965
1310,-17.639074350208674
1311,-144.27162248847506
1312,-38.48234019266796
1313,-74.65349427506894
1314,-67.3563902071246
1315,-113.79640474509905
1316,-69.1681888338857
1317,-69.23792796904023
1318,-85.00113442598992
1319,-104.93594420076221
1320,-56.63535904109799
1321,-90.4177504951645
1322,-89.35965075890371
1323,-101.19312491071297
1324,-70.9316851712189
1325,-59.38747949087456
1326,-157.38429543201647
1327,-32.11725011720557
1328,-136.6565960922099
1329,-46.75545246197184
1330,-37.922036654608036
1331,-130.1754052943269
1332,-182.33204815065608
1333,-58.32352060483845
1334,-87.15297639185633
1335,-156.13069528016513
1336,-80.0070924025458
1337,-44.573136614456146
1338,-139.61261823470318
1339,-76.61845457557756
1340,-83.27374159642547
1341,-98.81317602053761
1342,-75.87194691845939
1343,-60.680416456492665
1344,-193.14135012096608
1345,-113.76930875696003
1346,-110.79170179818266
1347,-44.40477623109419
1348,-118.75992789559595
1349,-40.34065421188792
1350,-32.09864636814467
1351,-82.67043531099296
1352,-24.52826099087342
1353,-90.04827768821322
1354,-51.676555166770434
1355,-143.6600387285858
1356,-68.41572537134455
1357,-79.10366905599491
1358,-130.4869518316386
1359,-57.9200110173624
1360,59.08006797545741
1361,-48.20345880679619
1362,-77.45586321205155
1363,-89.37153163234528
1364,-86.71080669844919
1365,-6.603309964166527
1366,-98.47152316668723
1367,-41.22359904276108
1368,-54.81134858491613
1369,-59.14820469568454
1370,-34.70516797842393
1371,30.440340324712423
1372,-36.91399748145709
1373,-57.578480641033686
1374,-90.36550102547807
1375,-58.55759701362159
1376,-118.1930460512694
1377,-41.75536453108377
1378,-158.78470743568897
1379,-66.21721450403057
1380,-106.65367928142045
1381,-25.57892336041283
1382,-257.4548769553405
1383,-116.66914762637495
1384,-93.97639231526905
1385,-116.01509811021357
1386,-43.97593100675822
1387,-85.57443823037859
1388,-129.54555170607384
1389,-24.658358951451547
1390,-48.36802222857615
1391,-69.79004371403457
1392,-32.59357235294381
1393,-80.48650276027846
1394,-73.2446094165109
1395,-49.30222572589509
1396,-43.172133853551784
1397,-42.742175548632076
1398,-84.3603206017358
1399,-182.57070200996918
1400,-57.57480087353311
1401,-31.662808555553354
1402,-104.70373259072429
1403,-16.996160484338034
1404,-48.856535929034465
1405,-65.75797353489608
1406,-84.28494401440639
1407,-61.56139746818525
1408,-71.14126609954452
1409,-8.936344304014682
1410,-51.46539612856399
1411,-66.1171513655555
1412,-53.457379587617325
1413,-56.520116537368686
1414,-66.98199415663494
1415,-117.31844463835571
1416,-264.86487896677363
1417,-104.65807275265153
1418,-85.29149403878789
1419,-55.4092971311947
1420,-63.54219820141486
1421,-108.17024072250743
1422,-74.03319572346349
1423,-120.84772181981207
1424,-114.21619982683922
1425,-94.66737327903135
1426,-103.77261659230504
1427,-86.3758681770299
1428,-74.11671146161063
1429,-8.946757089881203
1430,-155.27285300695047
1431,-128.76752534987952
1432,-76.32867862301718
1433,-115.38475687267099
1434,-159.30756305390094
1435,-34.84583755095929
1436,-87.75996466829231
1437,-86.83761930881064
1438,-61.71055246679887
1439,-52.71519794173031
1440,-7.7204358072255275
1441,-99.12663082114456
1442,-77.12509711551209
1443,-91.111080522801
1444,-119.78657965620431
1445,-41.445612308449384
1446,-124.42141325149957
1447,-64.18564480833506
1448,-141.7190885055789
1449,-73.38154729422841
1450,-70.61389660230309
1451,-8.100555470824887
1452,-79.49718997602793
1453,-66.05574169285258
1454,-147.10319466086577
1455,-11.796940808915437
1456,-81.26936562181342
1457,-83.27482098004289
1458,-88.21615028254391
1459,-93.67116672939082
1460,-89.11964329673707
1461,-41.93930302588484
1462,-169.97907495845905
1463,-72.67850459829845
1464,-282.36753807101405
1465,-41.86989807372203
1466,-81.6416849734322
1467,-72.08842482921953
1468,-39.192222307906945
1469,-101.62116293995359
1470,-68.93328741453931
1471,-75.32426656823982
1472,-58.22610794516329
1473,-76.29265849663919
1474,-90.4914773443163
1475,-45.2208180396198
1476,-49.504723215650294
1477,-52.05470145113894
1478,-65.08551196276035
1479,-54.163414844690664
1480,-156.93156909062094
1481,-53.22459203624683
1482,-53.04488044708733
1483,-45.46476415942736
1484,-56.600474597689896
1485,-36.29550463757961
1486,-91.6793917344532
1487,-74.55885172952803
1488,-89.14365438843583
1489,-36.73592572689176
1490,-69.28580495981103
1491,-60.019299243138086
1492,-89.41076119928991
1493,-52.00939451199223
1494,-68.59070567900683
1495,-61.267423041886325
1496,-132.43596092615994
1497,-57.64722562874955
1498,-72.34191264325861
1499,-20.252563257387706
1500,-71.1759125290861
1501,-103.3556900436179
1502,-5.580741822597204
1503,-66.57516597975959
1504,-65.67590201347024
1505,-44.76432111375102
1506,-190.70944528599307
1507,-39.33794641041345
1508,-25.872346989945385
1509,-45.093340874209645
1510,-79.18356676112761
1511,-51.29056421034521
1512,-79.89092853044639
1513,-111.47076807467523
1514,-69.0093325889076
1515,-115.94174661487553
1516,-73.27980470102656
1517,-69.12711660562762
1518,-48.77975177305443
1519,-52.59305267504302
1520,12.2761089282684
1521,-95.8517682379665
1522,-116.10395782711879
1523,-110.48591467875232
1524,-61.48817827979856
1525,-22.82179324190693
1526,-128.65317157893395
1527,-50.568047963465716
1528,-2.3140972906146544
1529,-145.14479795884014
1530,-78.97694057593861
1531,-71.48576471522809
1532,-134.9316021673999
1533,-103.88781340777658
1534,-146.91045503768362
1535,-71.45761339308615
1536,-77.23753154502214
1537,-74.30157286501881
1538,-321.9727591056859
1539,-29.962256050399063
1540,-80.34802759975278
1541,-36.557040409006966
1542,-108.55239910007931
1543,-90.43302705174494
1544,-80.13748349128439
1545,-61.37469048666588
1546,-15.396062038229388
1547,-96.95419304421665
1548,-86.700503184635
1549,-72.1892179117646
1550,-81.96637306997604
1551,-21.469187949029646
1552,-63.30189782790896
1553,-62.184781050941375
1554,-81.5163152847326
1555,-87.36619558178198
1556,24.563662610781208
1557,-46.976277342732914
1558,-48.75536699093679
1559,-76.49031932492554
1560,-106.57443261696625
1561,-77.1516878276601
1562,-33.52685182991334
1563,-97.15983955913754
1564,-134.0015976463576
1565,-71.23362408987532
1566,11.726763857380774
1567,-169.50778768602834
1568,-60.4504433420603
1569,-92.95070896680511
1570,-91.80890266666992
1571,-78.56301920428223
1572,-15.045664471966575
1573,-34.62175780407354
1574,-61.95731941938851
1575,-116.7400310157372
1576,-72.96228839044502
1577,-275.29438964965857
1578,-53.07453581754241
1579,-75.46270679255564
1580,-53.18365603017799
1581,-63.971684211634454
1582,-70.68057953649843
1583,-94.24575997612675
1584,-55.58026606382258
1585,-84.64140760920075
1586,-112.75870897465647
1587,-49.28750198620827
1588,-51.065317861781764
1589,-96.07897068761001
1590,-65.98779075726603
1591,-112.17865076058153
1592,-50.54057684630804
1593,-45.460564615402085
1594,-70.08716201901925
1595,-26.435764105554654
1596,-46.06358377688343
1597,-110.06679916159837
1598,-120.43660381289143
1599,-18.093165395217852
1600,-116.11951111758661
1601,-81.60457270362372
1602,-66.66349020233693
1603,-33.55095946682276
1604,-85.38178683216589
1605,-47.684332016615556
1606,-75.61495123552783
1607,-48.329351070750036
1608,-65.65047644296413
1609,-133.5569347903088
1610,-45.4062858195702
1611,-84.38631328500543
1612,-34.633030207397994
1613,-36.84437412635775
1614,-31.688998984067325
1615,-114.28166810314906
1616,-34.18320397935382
1617,-48.903710278764585
1618,-48.4747239380775
1619,-113.4493947659428
1620,-109.5526152358936
1621,-68.23116582419443
1622,-72.11562878862892
1623,-99.46726191775599
1624,-79.60395939494234
1625,-65.66272789427865
1626,-147.28123319392023
1627,-94.08371685738464
1628,-72.60696204995843
1629,-72.65507522536558
1630,-90.22659209103037
1631,-59.37704621434507
1632,-55.940823150739504
1633,-119.16650404440776
1634,-10.32931066111857
1635,-65.71080992692151
1636,-74.18351331805029
1637,-86.62833560134757
1638,-42.62324202849016
1639,-57.05649330163301
1640,-53.6891634689282
1641,-30.80639501830322
1642,-47.052534488260825
1643,-108.00470042046622
1644,-51.139317156195844
1645,-29.56713096980532
1646,-71.30113935371632
1647,-26.00462588774431
1648,-79.65621347907322
1649,-110.56048547988152
1650,-48.37411813446917
1651,-0.8372817415569642
1652,-68.36183313715037
1653,-35.028412487146326
1654,-71.46663690779647
1655,-95.92686692109791
1656,-28.99595732833508
1657,-57.66827377826128
1658,-22.15190649133396
1659,-87.50856851478659
1660,-134.00858734556255
1661,-34.021821874204704
1662,-65.78407150951173
1663,-223.10572807144177
1664,-81.99545242776641
1665,-103.02358560789814
1666,-58.111582265644984
1667,-65.68583852029894
1668,-49.750083009168094
1669,-68.85304948340826
1670,-91.97349661678628
1671,-69.7746061418884
1672,-90.43494493252621
1673,-119.5973078308509
1674,-88.15000110814566
1675,-91.38987341804302
1676,-138.79646654598997
1677,-37.868716717182195
1678,-15.761473104240437
1679,-59.65538095440566
1680,-85.12718498779147
1681,-37.27519113923421
1682,-57.36377782343067
1683,-39.53412879017391
1684,-57.494483727237764
1685,-42.108423545960534
1686,-70.89904483867824
1687,-21.182198876174695
1688,-4.743922998331456
1689,-42.61483008666758
1690,-48.42946318321411
1691,-63.580532053546634
1692,-68.52295627881077
1693,-103.33618921266174
1694,-69.89065492258531
1695,-50.50238641913289
1696,-17.158020342467438
1697,-49.12739147696128
1698,-95.08499759858071
1699,-61.932774840517766
1700,-63.467651169648164
1701,-77.0132891448073
1702,-137.00235510150856
1703,-101.21606046186245
1704,-82.38485938019312
1705,-85.26697157865058
1706,-89.8638488713519
1707,-15.106787940706099
1708,13.526235236768755
1709,-47.64577046756134
1710,-22.753188859330848
1711,-125.63663284059182
1712,-76.14462065100827
1713,-44.56301327541412
1714,-63.3084929080009
1715,-27.95204601624171
1716,-41.78292840625187
1717,-78.55290639883003
1718,-162.10714892896112
1719,-22.514635400676624
1720,-71.16414225714254
1721,-84.66443616487186
1722,-24.069669560890787
1723,-81.71451467888073
1724,-33.723359378725235
1725,-41.866021694043596
1726,-39.204811954797165
1727,-85.90927330074065
1728,-109.32295047082103
1729,-34.84449739740283
1730,-24.049393946049733
1731,-85.90809408417499
1732,-71.6555334245469
1733,-43.72378403130742
1734,-46.41997983732375
1735,-138.9726051336403
1736,-135.94106526344095
1737,-84.51393230196268
1738,-59.23208472883326
1739,-82.9556124670573
1740,-51.900071780244886
1741,-27.989034704540003
1742,-89.2758851298188
1743,-79.10082498300149
1744,-174.13150021951128
1745,-75.10288925790343
1746,-119.20309675639186
1747,-80.89349523499628
1748,-54.74442584485162
1749,-130.96949850578883
1750,-58.465217149028334
1751,-46.64364192733567
1752,-29.335698769491998
1753,-49.06544840232958
1754,-80.82044495458433
1755,-16.21795651944028
1756,-167.89803947525021
1757,-50.900746063269764
1758,3.7209133892305317
1759,-153.72675526038836
1760,-110.00488497593663
1761,-75.0631969950386
1762,-88.67529370175939
1763,-32.26818570900892
1764,-86.80450147914298
1765,-130.5555238899048
1766,-53.16143972388809
1767,-65.29574628206684
1768,-82.05064606860016
1769,-55.94841467418923
1770,-73.25611593849288
1771,-74.36297286940757
1772,-64.2734622032319
1773,-41.73520064739725
1774,-85.46868177167877
1775,-37.093708357451916
1776,-67.48996139020619
1777,-40.12810712776931
1778,-58.31877152775351
1779,-163.93544806911524
1780,-45.283774636291014
1781,-95.82092118057442
1782,-71.37118687737049
1783,-42.65865915132575
1784,-36.50615582856
1785,-87.26771431290123
1786,-53.421501093583686
1787,-41.847197050411125
1788,-63.74028190214736
1789,-64.44137325101319
1790,-75.83490675158583
1791,24.462145365725092
1792,-58.31101380368998
1793,-33.76767712576502
1794,-42.60578311568488
1795,-5.910905705186764
1796,-87.45027541788119
1797,-226.3836684498003
1798,-83.40952656725108
1799,-109.51242728719336
1800,-59.613188456185654
1801,-21.245397818557763
1802,-32.5868155719518
1803,1.6251750799674056
1804,-84.69730703317536
1805,-110.50647574574894
1806,-37.223044729747734
1807,-29.17105623479874
1808,-66.82363083402379
1809,-85.91430976818177
1810,-65.87937593786098
1811,-81.21066829124217
1812,-79.88606723128431
1813,-101.68640289096805
1814,-53.85855490494709
1815,-59.983244346016576
1816,-50.55374782259755
1817,-43.229181224162815
1818,-42.96255816271456
1819,-47.679119707712076
1820,-63.78046055761281
1821,-70.9627564216301
1822,-15.214816450613782
1823,-80.69572651804906
1824,-120.38054643805175
1825,-67.83836200208853
1826,-57.94593344909895
1827,-32.571034986978574
1828,-106.58464496851002
1829,-90.36765379352786
1830,-76.106087383963
1831,-10.923166233061664
1832,-105.3526613527578
1833,-55.187657133195785
1834,-72.04106365238304
1835,-248.02603721273226
1836,-76.88317597317052
1837,-60.903535458166196
1838,-0.6579700867138172
1839,-80.69452868268712
1840,-71.72506783211645
1841,-100.98486727194401
1842,-51.78924457809984
1843,-32.74034523251834
1844,-55.36722291435138
1845,-80.79408402467283
1846,-49.474095510447526
1847,-2.1705320075931382
1848,-476.0756126766612
1849,-55.09289497988604
1850,-82.45930228366645
1851,-43.664783826524825
1852,-82.88969732723857
1853,-110.88038662953883
1854,-35.58230521994325
1855,-57.44560181674717
1856,-46.31558408754377
1857,-62.778433541758076
1858,-71.4208887284321
1859,-67.41099664746994
1860,-45.05539266346918
1861,-19.543493477903056
1862,-48.478812573258054
1863,-85.85650298704827
1864,-105.02034094249713
1865,-26.62616892152731
1866,-1.79849565488027
1867,-46.35683828681107
1868,-56.98920047173462
1869,-88.3352763614073
1870,-120.24981893704037
1871,-28.647718156780513
1872,-70.12142085837618
1873,-110.76004947821536
1874,1.7814672213896756
1875,0.9838749604532921
1876,-33.25602222130041
1877,-72.70606690081944
1878,-72.63992170271456
1879,-42.0658140967379
1880,-89.83146466329266
1881,-186.43993472453275
1882,-240.76845178884253
1883,-97.90210342113765
1884,-49.80352921992193
1885,-46.721204661616525
1886,-50.87513544550595
1887,-37.57507411826698
1888,-71.11666054164095
1889,-17.99502345364678
1890,-73.94273631199317
1891,-43.370197068520056
1892,-46.83494373473656
1893,-31.39903881916304
1894,-84.83706146372035
1895,-47.86758005725936
1896,-73.784310644536
1897,-130.986948567566
1898,-82.97879270415464
1899,-53.61756863790678
1900,-41.73932983122329
1901,-116.47793574804399
1902,-58.8592934345399
1903,-101.6542971400977
1904,-29.8097306798541
1905,-86.5007029107121
1906,-68.87886579489032
1907,-36.47112183989092
1908,-46.724460559227595
1909,-50.6574249741861
1910,-44.3610179912371
1911,-74.38248381134777
1912,10.259429227335573
1913,-128.92517135623308
1914,-201.0495290710632
1915,-44.1864437412283
1916,-47.32748150731453
1917,-2.6638261853536136
1918,-46.993043492526354
1919,-86.33352609688801
1920,-44.39730635848646
1921,-53.459931329969336
1922,-17.467630304635804
1923,-47.5222090275885
1924,-55.84504690655187
1925,-74.6590299771695
1926,-69.22821970885684
1927,-61.114100875133055
1928,-57.75274086327883
1929,-78.13734779105135
1930,-80.33132578957525
1931,-28.954129170963782
1932,-96.15342122565096
1933,24.609140706328645
1934,-86.10043927581874
1935,-95.92236636445219
1936,-61.796337989536354
1937,-72.89340544111934
1938,-67.95643442326572
1939,-90.37643247705651
1940,-28.510186352662515
1941,-75.3772167552033
1942,-20.315477488965612
1943,-50.55576075779939
1944,-34.053091489672425
1945,-48.30133201144244
1946,0.28294364355204493
1947,-42.63761771099044
1948,-83.19563144562537
1949,-2.8853839048979495
1950,-38.95696278909088
1951,-41.25746007929969
1952,-71.74924797226738
1953,-18.30531658319292
1954,-54.38658913138791
1955,-19.963303549391554
1956,0.4690517764147586
1957,-49.158778685198726
1958,-71.08274490408775
1959,-81.18250575180149
1960,-6.643813713498531
1961,-50.11830927182358
1962,-39.191789011812006
1963,-112.22501971869646
1964,-43.222531078120134
1965,-4.507599622312341
1966,-51.7919175582357
1967,-64.90039776350369
1968,-53.670425066237456
1969,-214.04363130645618
1970,-44.15969025878421
1971,-107.22147736371727
1972,-53.677662424779896
1973,-88.76404097426818
1974,-80.799393963244
1975,-45.60630558371861
1976,-78.68033402801979
1977,9.221897876772502
1978,4.090024340911441
1979,-62.33604490226859
1980,-62.349472132422896
1981,-66.53955279218893
1982,-25.11192868944586
1983,-60.79083234076791
1984,-48.322086556745575
1985,-62.14219245110306
1986,-58.01887010879865
1987,-117.32471299954136
1988,-31.37860095706273
1989,-77.51450458873877
1990,-37.46498883307237
1991,-76.89496224651447
1992,6.074345449036514
1993,-77.06133567982619
1994,-78.96050397671574
1995,-78.41869209729177
1996,-41.53330597888339
1997,-6.821460959713207
1998,-36.025523969293886
1999,3.3135523928183233
2000,-69.97637566895955
2001,-12.83276195837918
2002,-29.23632583819945
2003,-90.11708386701434
2004,-4.836998578288345
2005,-49.20404800463514
2006,-50.378514151923056
2007,-180.97862631125102
2008,-131.25118886805487
2009,-22.593388088809945
2010,-61.80648328763418
2011,-50.04809076703488
2012,2.2497656082471025
2013,-17.57487047788665
2014,-34.00147390022751
2015,-200.5631008043515
2016,-70.55261459293489
2017,-29.73605800331852
2018,-62.17751352879766
2019,-12.541161488644263
2020,-40.82173337989849
2021,-59.16297302711699
2022,-61.7170050978318
2023,-20.597525893266692
2024,-40.797225506706184
2025,-145.2950427616198
2026,-26.65346736227056
2027,-53.04570048289875
2028,-34.54328982861925
2029,-30.47325227549925
2030,-20.226092464971373
2031,-104.2819166528807
2032,-87.21007480842799
2033,-41.01879392433575
2034,-30.128444659060563
2035,22.44302231744092
2036,-4.937823217621158
2037,-38.449884169517034
2038,-15.156563921905416
2039,-91.29613917862751
2040,-65.8057404577029
2041,-49.501328558110416
2042,1.7269354164145057
2043,-37.547707215128526
2044,-57.399327714734454
2045,-58.57551778784937
2046,-22.182541709223003
2047,-39.04697342268642
2048,-49.0773856215428
2049,-48.06840418654171
2050,-59.4409666066379
2051,-70.52940882532712
2052,-55.625105392150815
2053,-46.666446748155046
2054,-27.212432832450432
2055,-141.32201172069205
2056,-32.75227729873467
2057,-105.72593843092253
2058,-29.322502859959016
2059,-51.780022231006306
2060,-41.844749245003015
2061,10.465866716965152
2062,-62.831789635761766
2063,-24.29318297691617
2064,-61.13787031007087
2065,-80.67612859102199
2066,-1.9978696625447014
2067,-57.21031294692146
2068,-56.84792320988298
2069,-42.00518477731785
2070,-11.620527329551692
2071,-67.91322268323744
2072,-69.23572323923224
2073,-59.23306778555052
2074,-50.9279177670452
2075,-43.686858408686646
2076,-87.49143070729056
2077,27.53767933403776
2078,43.75573232747968
2079,-70.6968894248629
2080,-48.4051260750131
2081,-41.20144246110401
2082,-49.28899398510772
2083,-37.79118606265233
2084,-2.8244489616181454
2085,-20.33382400337301
2086,-114.61174934596585
2087,-33.297758104185235
2088,8.26961746591195
2089,9.952821691467463
2090,-47.25168906983729
2091,-54.679976870417434
2092,-82.00980701319725
2093,-38.342684698288025
2094,-77.48765104535575
2095,-70.36289896198633
2096,-59.805210155517656
2097,-62.73572276738979
2098,-111.71592139922339
2099,-39.802477460185266
2100,-72.46525155706861
2101,-52.510151957227876
2102,-76.97071596431313
2103,-52.31195177800923
2104,-134.69889850018447
2105,-55.373969202705176
2106,-237.21054490155072
2107,-44.38404255577402
2108,-31.501095217459593
2109,-29.153792267807844
2110,-41.46617438958384
2111,-58.834040449130356
2112,-43.69132405459585
2113,-47.73735877482501
2114,-35.7188623303491
2115,-44.08951241035963
2116,-13.176589361905897
2117,-54.43882839864011
2118,-19.42851596149002
2119,-95.66002168493394
2120,-26.011589498723936
2121,-20.43486186112368
2122,-73.03114507577742
2123,-79.43652194026286
2124,-88.711748154218
2125,-98.11545108928385
2126,-4.691572606398708
2127,-31.891392226292197
2128,-79.42607319909087
2129,-87.13220392060286
2130,-82.4971828478349
2131,-63.02467440631658
2132,-57.16183045442479
2133,-54.631435987062844
2134,-69.5256805503578
2135,-55.96157771351472
2136,-43.764724383655675
2137,-28.246738470345647
2138,-96.72122206389369
2139,-62.26956216354631
2140,-40.985487641316624
2141,-20.41907668085682
2142,-22.522150312824422
2143,-32.58644624250054
2144,-97.02557452034824
2145,28.397924193946693
2146,-38.84389331626281
2147,-81.3828303661015
2148,-51.791472805336234
2149,-42.58475266483735
2150,13.196029913824063
2151,-21.79651009496928
2152,-51.37327396290668
2153,-45.58160171769616
2154,-49.09218179026125
2155,3.215914903710157
2156,-57.31908507525162
2157,1.7377360388114482
2158,-37.20969646740451
2159,-67.89677463014597
2160,-39.57870940560275
2161,-61.883348249841774
2162,-12.657388525880393
2163,-32.68642881203047
2164,-30.01545372581424
2165,-3.2415719195438015
2166,23.21260611458304
2167,-46.97104092193658
2168,-15.12744843189914
2169,-77.87818973434995
2170,-61.59806042622964
2171,37.684653778189784
2172,-42.311555477444344
2173,-32.312866566986855
2174,-12.394324191606302
2175,-87.69510312024991
2176,41.603876029725086
2177,-91.14610097418544
2178,-27.767442878774574
2179,-9.333649573437924
2180,-51.82499181466582
2181,-253.48318685003727
2182,-98.1351257843406
2183,-33.22174735128016
2184,-21.025002575146246
2185,-61.68468540583112
2186,-34.80080454712957
2187,14.460956137513293
2188,-54.232789039380435
2189,26.624531306233237
2190,-35.664517593951444
2191,-51.57049832076636
2192,-16.652008457810837
2193,-84.2820644289412
2194,-38.50632768093962
2195,-70.20279072011687
2196,-23.57811972380273
2197,-42.624959836497155
2198,-97.98928960727035
2199,-56.18068141529603
2200,-59.47986045080863
2201,-4.473512413070424
2202,-68.82186574714613
2203,-64.45002500390568
2204,-27.112495490157627
2205,-51.99369151444088
2206,-21.084394982903845
2207,-37.94350729780663
2208,40.70902141393245
2209,-3.3688791387154566
2210,-44.23264290869376
2211,-58.986445301915474
2212,-80.31926867102413
2213,-47.9303992421825
2214,-136.07398946282586
2215,-9.6174937980593
2216,0.3065037670620683
2217,-5.261476386224103
2218,-74.17097218857721
2219,-56.272249375673354
2220,-47.957370643551045
2221,-30.48586132606279
2222,-34.77324721003805
2223,-42.54019266333226
2224,-45.182451282081416
2225,-27.908725285666975
2226,1.9780238243062769
2227,-28.542695544024085
2228,-154.9409143723267
2229,-27.804180050916443
2230,-71.42264016958309
2231,-35.57930966762231
2232,-82.0555589792611
2233,-7.791302187483424
2234,-20.174288760451574
2235,-31.614215031432707
2236,-24.88679460398052
2237,-64.86707004606824
2238,-5.009587392609902
2239,-47.42826184329216
2240,-31.906461998198296
2241,12.649173579434702
2242,-34.12170092101914
2243,7.6086332032177495
2244,-74.00462362105854
2245,-37.39211493988046
2246,-66.09978227999636
2247,-62.66077467825445
2248,-90.57946187058305
2249,-54.36534723111686
2250,-74.63252735836276
2251,-2.9789792860605644
2252,-39.71631297891095
2253,3.669132259572393
2254,20.186579351148765
2255,18.263762011004843
2256,-46.95999958066023
2257,-79.8208888675144
2258,-38.95005267723623
2259,-70.80966712028261
2260,-37.946610300970626
2261,-26.442028460787142
2262,-71.23340464430132
2263,40.23183168898021
2264,-61.86581475096054
2265,-23.63744576412647
2266,42.62150585991512
2267,15.45929092185581
2268,-18.98639436512586
2269,-70.27563088084013
2270,-22.33997590601669
2271,-38.811845838669726
2272,-7.556439938841351
2273,-86.19206613591886
2274,-88.84656559673026
2275,-73.9270161033876
2276,-48.15494649303571
2277,-76.20086592166913
2278,-42.48116008915402
2279,-18.811190646082153
2280,-26.73728208084978
2281,-60.13160186418102
2282,-49.886769023448835
2283,-75.06511325415212
2284,-67.69698051438513
2285,-63.62049091231463
2286,-49.306509187116575
2287,-54.73838382222528
2288,-27.314208251324303
2289,-26.465485587293585
2290,9.942257272153512
2291,-27.531710019409076
2292,-49.20773206050193
2293,-4.400134057415386
2294,-67.4568964906887
2295,-41.5979842500237
2296,-57.67833935649455
2297,-50.403987231434186
2298,-3.6195061021887938
2299,-57.550018102632
2300,-6.1151662153322945
2301,-60.94281114136791
2302,-30.906668986462435
2303,-89.15083219268281
2304,-38.61470934820824
2305,-108.05623922693438
2306,-12.239220187573608
2307,-34.97879290894382
2308,-76.21484073277972
2309,-199.37061831942583
2310,-9.220401496615338
2311,-42.915132922395635
2312,-25.160529567814606
2313,-16.69327637131329
2314,-60.94310294303956
2315,-46.38047690774701
2316,-51.75476293058014
2317,-43.09301174596182
2318,-48.631980776258075
2319,-0.6489156948854031
2320,-20.367793498037983
2321,-78.98255331012545
2322,-65.80844121305492
2323,-63.50355447949286
2324,-31.82740454019428
2325,11.684374994381713
2326,-101.50475594436939
2327,-68.71517578371233
2328,-61.00513694884374
2329,-35.434339580892484
2330,3.579101488120031
2331,-38.007040911957176
2332,-17.168455641404847
2333,-110.54162798007698
2334,-38.317169137069776
2335,-45.24383288501237
2336,-36.13295549055131
2337,-57.928784035436124
2338,-48.26792750294506
2339,-27.889139726902158
2340,6.0482598572014865
2341,-126.53466592315112
2342,-31.61176478826296
2343,-47.15242820584965
2344,-66.97320206130456
2345,-219.345093503182
2346,-23.590310794593933
2347,-35.47309980463868
2348,20.746142387048238
2349,-27.219235702789405
2350,-20.21180380931007
2351,-49.45485784499999
2352,-41.68181580931427
2353,-66.35109118939053
2354,-61.52162106518358
2355,-55.006941950425144
2356,-48.22985149740771
2357,-30.590405915753223
2358,13.427882456339859
2359,-38.46992125080985
2360,-6.9772859035723656
2361,-13.02129956679424
2362,-57.557464681001875
2363,-32.34291489450838
2364,-31.279560444897697
2365,-78.1213304477931
2366,-30.349456411764862
2367,-39.270670276138446
2368,-70.98704604929785
2369,-50.00009175802141
2370,-44.196537050981576
2371,-14.403191195210667
2372,-18.816675022379258
2373,-3.4258828794903877
2374,-39.730272452689114
2375,-35.52882619455977
2376,-104.66048238565409
2377,-88.7765317570682
2378,-68.19265332970319
2379,-6082.829291349206
2380,-28.69788768917506
2381,-78.81571960247439
2382,-13.532192412878018
2383,-114.36970938901302
2384,14.535668378235144
2385,-17.881484848618612
2386,-11.55378218282101
2387,8.145192292171174
2388,-41.188969951464784
2389,-70.0867029509565
2390,40.341561301044294
2391,-50.09146286625416
2392,-31.669048535767203
2393,-33.90056148661718
2394,-20.276176387389924
2395,28.17934495780966
2396,-192.47869300735994
2397,-20.324137717023405
2398,-22.97303736206547
2399,1.4388238510399418
2400,-1.0598694407729141
2401,-33.78289263218389
2402,-24.713872213608468
2403,4.438392192939233
2404,-43.49026717171546
2405,-3713.2760906019935
2406,-266.4048186190681
2407,-425.80558584105995
2408,-174.84284927098162
2409,-35.55078612321239
2410,-362.52163467388567
2411,-87.88262455887536
2412,-71.65934092986221
2413,-40.0108205048779
2414,-44.00024149585534
2415,-28.229765324963893
2416,-42.31982284071263
2417,-144.83243659506243
2418,-22.89546400566003
2419,-18.263601063505675
2420,-83.26089441484585
2421,-85.6182043568212
2422,-91.2049006008156
2423,-186.32969930865937
2424,-289.3771785740223
2425,-358.15288642231695
2426,28.409943396606764
2427,-196.90570193076047
2428,-226.64452617869614
2429,-49.751180214800755
2430,-164.9939005583568
2431,-152.7402606229826
2432,32.89757343180153
2433,-56.93139840766207
2434,-57.1868488673565
2435,-307.22728220901894
2436,-70.14900128760722
2437,-216.0408739543409
2438,-20.83044802485341
2439,-308.6805516760228
2440,-128.65427700348513
2441,-93.49978716532492
2442,-391.91637282698025
2443,-277.3465278322278
2444,-248.84775423576326
2445,-345.1163026792583
2446,-131.39525839173166
2447,-7.953002393836655
2448,-32.012013969293434
2449,-277.55361244306323
2450,2.9803804265254144
2451,-420.3422837091941
2452,19.992822925568248
2453,-55.29997457809343
2454,-241.9445971746598
2455,-94.08709190239881
2456,-81.67508581635786
2457,-320.07263725860923
2458,-64.18199676911814
2459,33.85051936218707
2460,-110.52434773709913
2461,-238.9245527753666
2462,-36.198857060493964
2463,-291.77062348566477
2464,-209.42662107838902
2465,-217.2231972301958
2466,-195.05925595722522
2467,-112.57617116545606
2468,-170.08884628048094
2469,-183.96757265727433
2470,-13.8530266965994
2471,-88.63679575310013
2472,-150.4996775315659
2473,-77.17692233920988
2474,-115.54541932392445
2475,-236.74789280010205
2476,-19.60638539739483
2477,-377.9451318775769
2478,-9.219290851766715
2479,-65.96817571830067
2480,-197.55786228748755
2481,-210.32239196337684
2482,15.87438523726432
2483,-268.48575800979836
2484,-176.33761796923196
2485,-17.23794649680893
2486,-78.13465018086826
2487,-374.5242573905898
2488,-318.86486457733304
2489,-95.84278854883962
2490,-413.56535340200315
2491,-141.24709491249018
2492,-279.18291730457673
2493,-26.19028241772834
2494,-47.55042988351924
2495,-250.6492582931731
2496,-208.56006082233316
2497,-161.98218055376253
2498,-241.7658843560011
2499,30.045904454252252
2500,7.198607128514595
2501,-23.56579275909769
2502,-242.68075455064456
2503,-233.04931530373022
2504,11.16017435610435
2505,-256.62308969813853
2506,-245.69750235062793
2507,-88.18607980367871
2508,18.59244957660829
2509,25.131164642374216
2510,-21.78001344271209
2511,-294.89201970419623
2512,-231.60744987820541
2513,-136.94658570373304
2514,-45.25121753062285
2515,-33.49666347145566
2516,24.281465216096677
2517,-167.78514487918017
2518,45.91259220462035
2519,-156.43031757955356
2520,-187.13176308645848
2521,-3.0939282122298124
2522,-179.47711748941745
2523,-57.20781820233484
2524,-143.5231873903058
2525,-400.89172092756627
2526,12.363486317933791
2527,-59.701559181667186
2528,-45.70910973460308
2529,-217.70464085194584
2530,-138.39531439122337
2531,-170.18147643834595
2532,27.408629605753177
2533,-248.94874411584462
2534,3.6134953415936195
2535,-121.61200203142195
2536,-51.78569171747738
2537,-30.96515176742166
2538,-140.16610433635574
2539,-2049.7547427047684
2540,-187.2513761164696
2541,-149.6183828318988
2542,-729.7602359463637
2543,-478.99290152387414
2544,-367.77292048367775
2545,-288.236531252547
2546,-223.62236717106555
2547,-1729.7651098587685
2548,-21.499976307424433
2549,57.34097088240766
2550,149.7533547811848
2551,-38.183150718675336
2552,47.415396255787556
2553,164.76030182067223
2554,224.94879373160555
2555,235.18585470765575
2556,-66.8697795515121
2557,5.868635952518233
2558,-36.575747738241844
2559,115.37265426653698
2560,137.5530940336879
2561,249.5828249084975
2562,65.51483191323925
2563,106.75768541165552
2564,14.714968334401462
2565,188.27182289210313
2566,-567.3445262498124
2567,257.00418783954865
2568,0.2857901413587314
2569,32.9039872231446
2570,59.00678461851564
2571,-27.760721258968402
2572,3.3793847325920154
2573,107.9324709047774
2574,-71.96068052072435
2575,138.20482464556142
2576,-364.42992594905957
2577,-52.31249872817722
2578,-125.81807562262846
2579,-100.55505166335564
2580,-26.019047614291537
2581,-123.40333172879406
2582,0.7693185098165003
2583,132.40331368236673
2584,-292.5441222871033
2585,-129.78018402156135
2586,-120.41339423338586
2587,-94.59958687592125
2588,19.63033338477436
2589,-124.64021720442412
2590,-156.17962219090467
2591,-118.16485119417396
2592,-283.32262318479195
2593,-279.8716367418556
2594,186.0770818331312
2595,19.722227585199704
2596,-367.21095057050286
2597,-50.71281985880614
2598,-41.83734920010039
2599,-235.4902077197841
2600,7.0586881279951115
2601,-33.13859355471557
2602,-203.66341285781118
2603,-28.32676123509583
2604,45.891673301388636
2605,-253.54493997798318
2606,-81.08808289215523
2607,-42.201459848407715
2608,-139.48348281849758
2609,-219.78335973759982
2610,283.01068059530405
2611,-106.0988800551301
2612,-178.2056864502623
2613,-362.1607591340972
2614,-196.20921777193365
2615,219.58667787028529
2616,-153.79681380096832
2617,213.70139073689438
2618,2.796473813409861
2619,259.2636024280675
2620,153.94546237556094
2621,265.0450021525731
2622,115.93104890971725
2623,-114.96789260903101
2624,244.41834278906242
2625,278.6807807447582
2626,-85.7047097915512
2627,256.0896798722069
2628,228.06552721697525
2629,228.17009593258663
2630,200.34831355716938
2631,-226.08260104348994
2632,144.54111579236948
2633,-102.58701886849978
2634,-97.22324821141082
2635,-72.1312063125545
2636,26.744702322155106
2637,236.66613235915878
2638,261.2093867507426
2639,240.17047530261272
2640,247.07288615237943
2641,-89.92548322430373
2642,181.07561705989946
2643,217.13707766261368
2644,264.11273263259886
2645,-170.6191993487955
2646,-90.87751733243583
2647,267.09837204551684
2648,248.63227173243598
2649,251.72108314774104
2650,-99.23518821030817
2651,-241.47920674479786
2652,244.5626449393267
2653,-59.13293329980398
2654,14.417667063671502
2655,-87.371154053461
2656,268.43677880847093
2657,-191.6920295798747
2658,24.614754051834666
2659,235.48249544293554
2660,220.619860099163
2661,-37.990078085228106
2662,260.6772776112758
2663,205.70288541789495
2664,218.69841171102627
2665,256.9406727408998
2666,224.617762792956
2667,228.29002959148505
2668,246.18482727224932
2669,18.294949099999755
2670,-248.21866604708438
2671,266.833803053112
2672,239.18299270427954
2673,234.1862327701037
2674,206.8072673725014
2675,212.9568096990772
2676,-67.34538043812174
2677,236.96255354822966
2678,258.72352755627605
2679,263.3596967360269
2680,246.48074078879802
2681,-34.361832957882
2682,230.78853884451536
2683,218.5351463510026
2684,-13.062038042736106
2685,282.10153685926616
2686,-123.64182188390768
2687,-13.677563506421464
2688,264.51133385635194
2689,229.41902416848652
2690,-54.02555425361227
2691,154.14426187761123
2692,228.28270538287407
2693,130.38906332970484
2694,226.00076170625337
2695,150.21858186293318
2696,-48.591942513498466
2697,-12.54347433746669
2698,195.3298901500821
2699,24.29986213551865
2700,-20.593153940837936
2701,277.59804562245967
2702,219.1869114353945
2703,260.8908975404174
2704,166.53507307051854
2705,250.05934633341795
2706,259.7321643843933
2707,19.219710929321195
2708,-7.908225885438085
2709,268.2327699503717
2710,-100.45606569137377
2711,266.14437146259866
2712,-48.195762818172156
2713,145.247052951493
2714,259.0461953462137
2715,-285.20049332445456
2716,151.30882534870642
2717,277.8098046672616
2718,-95.00870442326686
2719,32.36679966176672
2720,55.13379270356013
2721,231.62726424624987
2722,-20.935001919768524
2723,221.73102146593115
2724,150.16075937775943
2725,249.9846955640138
2726,-4.67728495855296
2727,29.254377942158158
2728,18.525633179924654
2729,280.96150620924624
2730,249.3418466207219
2731,242.4317187333323
2732,251.95955516386593
2733,252.72739089078897
2734,-156.2227418922368
2735,-118.98399754152592
2736,-4.332576178451575
2737,-29.825713550925457
2738,3.6300863042493035
2739,280.7041371990788
2740,-176.11992548211433
2741,244.29262087626552
2742,-141.9678214868042
2743,-5.600820825934193
2744,241.45109263429512
2745,116.81262647717779
2746,265.8356183383013
2747,-317.22810197124716
2748,246.9168587024545
2749,-29.713089347078395
2750,250.49980168162557
2751,288.71725502392076
2752,274.5241405404008
2753,-256.09757962945105
2754,14.96177620364152
2755,239.0362058811991
2756,270.32284091530266
2757,236.0694823639829
2758,192.06876736402336
2759,263.5149705821457
2760,142.29647066260543
2761,282.7905210090704
2762,231.74360945922143
2763,-88.49346875862202
2764,262.72154592174434
2765,23.39167699160437
2766,-300.85656654931756
2767,205.59570739272834
2768,218.05530441402675
2769,199.4587335014414
2770,268.7550444562255
2771,258.2642251679189
2772,-18.29473929695206
2773,-22.95648520558933
2774,228.61298531257566
2775,268.18829004674603
2776,246.25790594684256
2777,271.65813674895503
2778,221.15442575613116
2779,-2.137060824050124
2780,-40.10374815779707
2781,245.18631882311013
2782,-44.68972293590703
2783,-32.42602440332277
2784,282.07594464766316
2785,-17.240384422574365
2786,241.2029794291246
2787,233.28648964453922
2788,254.42859517611222
2789,251.42293326620754
2790,267.6663868016542
2791,-30.07045808385263
2792,217.1378889847546
2793,215.24640417710114
2794,-173.66151339169238
2795,-139.1852897069011
2796,218.56194424853527
2797,15.687155760163876
2798,233.3267234136276
2799,5.67631118568373
2800,275.6553325649636
2801,249.48447937929404
2802,260.6229110433642
2803,26.235845884343775
2804,292.3734509053571
2805,6.548800534914449
2806,272.55759983346934
2807,232.04268847027626
2808,226.18978818993838
2809,163.183022026314
2810,254.74936340944325
2811,-209.27323511914105
2812,187.77263255547246
2813,254.3986847085184
2814,251.33203604206165
2815,246.87759461390226
2816,-95.10603924469169
2817,142.57069002027427
2818,205.54777555431951
2819,-2.29166991351444
2820,193.3759888903022
2821,28.726941149485498
2822,-146.06271126416988
2823,246.00387408652506
2824,226.21840386876994
2825,183.4023784681972
2826,45.4216318332133
2827,262.44395438294373
2828,255.82471217505284
2829,210.03989585677877
2830,9.941163604395385
2831,-48.15822713819294
2832,4.003973817882198
2833,238.92180492578626
2834,39.98525064178179
2835,162.11604204697034
2836,200.11350196948646
2837,39.548552420478984
2838,40.516982456739925
2839,253.08166553132176
2840,210.09025717627472
2841,249.62318737866826
2842,195.39376165330702
2843,232.91642201467656
2844,222.92726662762823
2845,13.056451382904797
2846,-60.24538981386079
2847,228.13929281824306
2848,12.73424687952901
2849,25.4300197430358
2850,266.09779979889726
2851,28.339072604100267
2852,301.9047281010501
2853,242.92187061032348
2854,4.647667595064405
2855,-6.817403773964102
2856,219.4974616086149
2857,225.08987226511996
2858,278.862639467558
2859,229.98374743406129
2860,231.92037051011522
2861,62.46070487929853
2862,276.726359147331
2863,247.01128615628693
2864,224.55808079219082
2865,28.55266746935476
2866,237.46718431397974
2867,241.01371848876533
2868,227.00282723691376
2869,259.3504418028489
2870,260.05680743229425
2871,296.06310877264445
2872,230.9869254031599
2873,-60.25135243706136
2874,49.8974041580984
2875,217.54258758467952
2876,43.75924176971256
2877,2.45872412720432
2878,274.375478770782
2879,59.839501903109976
2880,248.0399462942598
2881,263.0931148946123
2882,262.5942748884397
2883,15.66748593358659
2884,184.63635897234144
2885,274.79336211436885
2886,28.525333739320786
2887,34.11324368584019
2888,267.03475681966444
2889,257.42772988973525
2890,269.97823299095546
2891,243.08464419724552
2892,31.501057534657264
2893,256.9816714999706
2894,266.2931134424802
2895,263.2005039774722
2896,35.43967324851752
2897,269.9956976418616
2898,-2.159573297835422
2899,23.114387815540255
2900,280.08315902198353
2901,270.91015727351754
2902,293.2143575142529
2903,250.7051089760423
2904,23.791366734332442
2905,267.634639454791
2906,17.278721876976576
2907,-16.41960881257924
2908,263.4858688258746
2909,280.247547655179
2910,259.7671221649381
2911,179.00168395881343
2912,33.27855521872209
2913,42.79271384052768
2914,26.508356196880996
2915,260.9293538284453
2916,291.4459245762013
2917,21.98059118688903
2918,24.113580717636637
2919,44.9888370584689
2920,264.7354354661711
2921,243.3002346820298
2922,282.4320360277982
2923,11.102615946954643
2924,243.65638684884516
2925,251.83069759684855
2926,32.936310887588576
2927,30.76934190124382
2928,217.99973804630628
2929,221.989852979008
2930,-42.84265555157813
2931,36.90855306414949
2932,247.36299021474773
2933,-64.31909662218129
2934,29.610514988493122
2935,22.59240459302316
2936,275.5402855871212
2937,179.35898380223912
2938,29.019362397377336
2939,226.28683770177415
2940,242.58189812520072
2941,250.68230372161221
2942,269.20777510188003
2943,236.85402119150245
2944,-14.594277139447826
2945,266.07819095726825
2946,5.102017805601378
2947,22.08373989464475
2948,22.92089899079295
2949,252.12303179869008
2950,45.56826827930445
2951,245.39642860561514
2952,272.89355400488694
2953,273.4514574349029
2954,26.365391289841043
2955,268.4838656669077
2956,-7.028048659123314
2957,277.98052322925747
2958,-7.122329606866458
2959,8.683703559923842
2960,32.44872337347749
2961,35.63260972995184
2962,143.0269505163462
2963,258.9025295227841
2964,54.8255242634354
2965,251.75831977700716
2966,32.99608949964133
2967,-10.061379301053236
2968,2.1575121268594586
2969,217.8306141653677
2970,238.1419563595955
2971,273.62355041235503
2972,201.3570242850181
2973,220.0652879777593
2974,193.702078264563
2975,200.4260565256593
2976,228.03633708615672
2977,200.90224465559595
2978,138.08354937672385
2979,228.73662626201025
2980,258.97477420835554
2981,254.31180106524707
2982,291.7462588151176
2983,205.22106400202213
2984,14.435886597938875
2985,291.6609694748651
2986,260.94226568042325
2987,254.11963509577743
2988,225.75815582549714
2989,227.51357832833867
2990,285.72040753852207
2991,3.3269240033684184
2992,303.45384836792493
2993,-148.88974431920798
2994,13.25319227442479
2995,222.43847323314145
2996,-12.778911255181015
2997,-46.69676920576872
2998,26.379249885354298
2999,-185.26834008139997
3000,222.80510902757436
3001,294.5107457184874
3002,30.420650709479133
3003,7.6269469627685424
3004,282.18878973529377
3005,23.67496640732925
3006,260.1466721194312
3007,18.613440319460096
3008,271.6654913636726
3009,-57.69445509896788
3010,251.33038712583684
3011,259.8240598128384
3012,234.8358413299494
3013,-13.36499840917385
3014,231.8107370222266
3015,278.00135318046864
3016,297.4910248764364
3017,240.74094448192372
3018,220.76355108178632
3019,264.2751069865262
3020,251.15878895694402
3021,256.69175328086334
3022,222.62848847106642
3023,-187.1512797204534
3024,-67.23529886958306
3025,205.10201740867572
3026,-21.48532714732218
3027,183.234552524043
3028,249.63534581111944
3029,177.17684886477866
3030,-60.786833916691435
3031,247.0912273772192
3032,-31.803321458318848
3033,278.5714698179047
3034,27.26092418052754
3035,293.912969553993
3036,257.24280797259223
3037,204.65339122418592
3038,9.443340854444955
3039,200.17935576493937
3040,177.77713341393107
3041,-1027.9137994226317
3042,9.520016951757157
3043,258.9753831123732
3044,95.68581412429431
3045,60.47997120067548
3046,-126.35997054832495
3047,135.5811548292868
3048,-80.99952105113506
3049,149.1723805821813
3050,212.92831452409195
3051,248.52364667883944
3052,226.33560196473036
3053,40.77985828798421
3054,213.54297515290415
3055,254.2783695587384
3056,169.10302243731354
3057,-64.1635982853267
3058,256.7571094939673
3059,-143.64008679138544
3060,7.442854672188162
3061,255.28940762104452
3062,39.89156544607172
3063,26.797847741988406
3064,157.51520896367813
3065,276.16793962942404
3066,288.13920709823265
3067,177.45313020997682
3068,170.32406764819422
3069,10.886806996925031
3070,146.50531578941414
3071,216.14618470138686
3072,218.43685709595746
3073,35.10025856156355
3074,211.54117138400017
3075,10.924168334657523
3076,206.42396105824895
3077,248.77915541101612
3078,259.00319845469477
3079,289.6313398341793
3080,-0.7882917367617495
3081,-21.41519219854534
3082,249.7051281541125
3083,115.8298939296538
3084,294.0919224562782
3085,54.14304638834858
3086,251.22751356467396
3087,225.68348204766284
3088,291.75524716224857
3089,265.6371557032958
3090,237.80260861843163
3091,-291.26767540352665
3092,246.2577229820442
3093,237.36530124453452
3094,283.5230004904502
3095,264.88003611137015
3096,6.418391752759973
3097,253.93918601163034
3098,-250.822245821859
3099,292.5584483659122
3100,228.8217629779265
3101,291.13438967297293
3102,23.176158821545457
3103,235.07271543475588
3104,104.17766330804803
3105,266.29343030721566
3106,265.4689281868147
3107,240.8037505158026
3108,-70.17363045235363
3109,222.4399743563754
3110,205.41601446754146
3111,238.16300509231044
3112,216.8510344266001
3113,28.40934748405286
3114,264.60725246250877
3115,203.4321917849938
3116,305.9021711496066
3117,278.8800233209904
3118,262.97524872051207
3119,138.8634732992856
3120,281.8796415355624
3121,189.20028972063295
3122,257.8624461351966
3123,19.6038932715949
3124,222.41829453967435
3125,-52.11436663771937
3126,-153.5722505717879
3127,31.050959423404947
3128,270.35899125146034
3129,264.47640070133355
3130,184.24082677978043
3131,-19.272021193023576
3132,297.0997580151777
3133,261.7141403760146
3134,11.821589210610668
3135,246.49151541930513
3136,244.6446464998283
3137,237.60474604032845
3138,191.17178533400943
3139,212.5931686133344
3140,194.11820715111674
3141,38.1374026121608
3142,268.26385862423825
3143,179.80878915900485
3144,273.8256234969084
3145,173.89510627955298
3146,242.2934820082422
3147,229.05439861209808
3148,280.1440147510971
3149,7.062783318514306
3150,192.77586994731567
3151,267.0596012432209
3152,291.7787177034148
3153,251.7779439079731
3154,251.03637441090552
3155,166.20001081155073
3156,262.7678285680885
3157,153.1761305395525
3158,255.4469635062578
3159,235.29077811417417
3160,237.81219750475077
3161,215.17100347842458
3162,282.9462425159826
3163,-149.94559078314586
3164,261.2347708204319
3165,36.03651628691384
3166,270.3611676019441
3167,252.2292165298702
3168,262.66156662716594
3169,269.17975405654676
3170,17.932625447579454
3171,253.68103219805062
3172,246.149638136285
3173,259.96318959850146
3174,246.28666800365838
3175,215.72360604773033
3176,254.48746706452113
3177,-249.74902870605803
3178,208.81532693344252
3179,80.67232558130847
3180,221.73917454494855
3181,162.57827232322813
3182,205.33064781374162
3183,293.25148687657156
3184,-975.1669983666461
3185,227.15262068711974
3186,-4225.488312973298
3187,244.2549473682597
3188,195.4893862877422
3189,186.15098844624075
3190,235.0797477702097
3191,237.19498178286455
3192,-196.08510804465948
3193,-195.9738013476921
3194,-219.58793052443036
3195,259.2448003809895
3196,8.790107250995803
3197,-143.84640151996183
3198,226.36908916205857
3199,228.5182714695835
3200,283.5617527247148
3201,22.26538906751162
3202,-226.16267097712193
3203,220.48518108686886
3204,185.678286302151
3205,232.24232378732125
3206,194.5665596782942
3207,252.8124160071367
3208,218.57070747133136
3209,263.36433623328776
3210,21.070195264024335
3211,278.28141388045566
3212,151.86384354909092
3213,237.78521787305863
3214,229.79474297558977
3215,28.08535517594879
3216,216.38939246995392
3217,224.44150705673346
3218,206.6118231280498
3219,236.0624207360946
3220,261.91706607199524
3221,259.98090461051606
3222,255.71225008542368
3223,234.64905676018688
3224,190.53125553436166
3225,-0.6494940331986641
3226,279.082821036109
3227,-17.28422449194207
3228,301.06040358100785
3229,269.76461975149704
3230,259.8053438744609
3231,260.04188999981653
3232,-7.9191689029614025
3233,260.25066170156845
3234,271.3885726487614
3235,-9.243177399606637
3236,237.1768002832702
3237,275.46791511272824
3238,245.01270713912757
3239,10.861507712719444
3240,210.17579556651162
3241,291.8010888730377
3242,277.5175906976427
3243,177.66610340488984
3244,17.259957710779148
3245,-155.34131228236876
3246,291.0078417514323
3247,267.3410009235322
3248,8.974553536667855
3249,52.717219407251946
3250,266.01620681473423
3251,34.070121359587915
3252,23.02042892246706
3253,19.679998754904858
3254,279.3887989817041
3255,269.44181431989045
3256,239.45797520722712
3257,248.82791353776298
3258,3.2884664083374986
3259,300.53095682363545
3260,272.8709782868766
3261,240.34634369750628
3262,52.10756402669554
3263,20.784080938586726
3264,33.10632542526412
3265,284.072968112324
3266,245.99201761523676
3267,27.00798992444861
3268,-35.095683554886136
3269,-6.851634543031281
3270,268.6929783560448
3271,282.2552213828864
3272,228.61825947044892
3273,20.29009650092179
3274,234.11290530623165
3275,287.3437739873848
3276,281.7560259799467
3277,286.6863125090437
3278,21.815434761761935
3279,243.44869613040336
3280,259.6826053748895
3281,259.3505237459642
3282,263.84002296618473
3283,213.14205710424665
3284,3.316335963536204
3285,276.1656737519207
3286,-28.515078111561294
3287,263.99966877564697
3288,191.21273484546546
3289,164.86377887979245
3290,315.205210253374
3291,7.021154215507025
3292,118.06263824068851
3293,231.5308198092814
3294,239.03610196110762
3295,23.362857747185316
3296,23.007694059530138
3297,256.90092899502486
3298,-712.5510487656344
3299,282.42522844066843
3300,21.844289144114256
3301,258.2597636505998
3302,249.50774891219012
3303,221.28476444219038
3304,267.92523728453637
3305,42.193113985349385
3306,17.827679498131786
3307,245.15055119695322
3308,30.68718345915022
3309,48.13504721809295
3310,1.5870056130510761
3311,238.99324892588268
3312,44.08284764197623
3313,11.956890893398395
3314,34.05231225002774
3315,20.49551941447534
3316,17.084891231080505
3317,33.86443196773041
3318,4.524608616110328
3319,221.15401947427233
3320,264.1645302685787
3321,283.2881539605449
3322,250.6895749433711
3323,35.3942159939146
3324,25.292355737844645
3325,253.2566330926767
3326,253.03316649183185
3327,277.1568559490504
3328,20.61143007073788
3329,211.57308699776905
3330,272.81566877721
3331,255.70921197907438
3332,251.46689071333842
3333,257.3603503233925
3334,1.958099571892376
3335,-14.92389118072694
3336,57.993273043118734
3337,40.14262952058155
3338,243.7383580939727
3339,261.89819891423986
3340,289.93149304678354
3341,52.558480629771594
3342,246.75007048042272
3343,287.9925671347083
3344,291.7565757433626
3345,272.34779019417823
3346,287.6534978940334
3347,6.849251262461223
3348,40.3588274988314
3349,280.20590753628056
3350,2.56168980102359
3351,260.2902670983435
3352,249.46120041277555
3353,254.9094738802446
3354,-17.406704474212248
3355,0.28904334655923947
3356,69.21026273152654
3357,252.51559196933968
3358,0.7850050449646346
3359,238.92280874836166
3360,287.2835166037195
3361,268.1009775946675
3362,30.135601324720085
3363,245.33381093262668
3364,236.89242325042576
3365,274.1140151243762
3366,0.5490485775335543
3367,55.23372910038685
3368,62.84226846449019
3369,271.34953774394864
3370,228.003389009721
3371,297.33620607964133
3372,235.5038731528768
3373,241.45536266656353
3374,3.010091023938756
3375,251.32937321534558
3376,272.1720572034717
3377,37.85413026168615
3378,-5.05843290145441
3379,222.13940931766092
3380,226.81333507128073
3381,231.3490601414718
3382,283.67203166711806
3383,-10.833152643387791
3384,20.65188634376777
3385,257.8205134386693
3386,-18.165418071339616
3387,27.735106205815484
3388,44.008548219697815
3389,269.6749419856599
3390,35.17184575886276
3391,274.7660304790388
3392,251.30509130004077
3393,-6.088281420602385
3394,20.039831753080847
3395,255.3155479159129
3396,31.90599798459803
3397,39.64220649568159
3398,27.82067396196328
3399,301.7065164198937
3400,299.5115930878379
3401,35.96466901370519
3402,16.233866325359386
3403,234.2534093704093
3404,8.588557716201635
3405,13.275644400757969
3406,22.43203951223599
3407,51.08013252113892
3408,-9.766142450553275
3409,27.17236280719669
3410,54.79897528090578
3411,300.3635066432742
3412,282.6407709882636
3413,30.587739332755405
3414,24.5984162393609
3415,254.69545907789654
3416,241.76450760327023
3417,65.32448872697074
3418,215.89433967005186
3419,-20.26809414300132
3420,252.8172659355961
3421,-21.01041935541747
3422,13.766867101722056
3423,293.9033445367588
3424,34.26862000067132
3425,254.4775958522909
3426,-4.78079047915017
3427,41.58105073371354
3428,235.04120487374172
3429,44.68298029715038
3430,31.54035325641533
3431,20.700868930773055
3432,273.7686875932955
3433,17.519122878796168
3434,255.19598136358053
3435,35.26538218840025
3436,250.1564153613245
3437,25.367336214331857
3438,31.81438820916864
3439,261.90544440907024
3440,-19.15173902932169
3441,30.34711630725738
3442,302.1111042325596
3443,-18.123402464016195
3444,21.03878215699615
3445,236.90702156747955
3446,262.6233078238819
3447,279.4194642357635
3448,251.68140646574557
3449,238.89114747552557
3450,31.250651640119344
3451,273.537658159565
3452,-3.903917438143594
3453,-5.614963196958485
3454,46.11939185157027
3455,5.315152889226312
3456,17.411992553129807
3457,51.129180743630656
3458,9.279426742218433
3459,24.300911258586808
3460,223.32097995657116
3461,30.808758298630238
3462,194.66954681937688
3463,40.73181182622588
3464,21.007098512790506
3465,-16.407085113478416
3466,5.268663823475833
3467,15.737467920480057
3468,-21.749142255509568
3469,236.03332147976488
3470,22.154087767862904
3471,1.6445100620477149
3472,1.3294033595948633
3473,236.03381692713768
3474,-5.324328396764031
3475,255.97726861165154
3476,-16.58244645617158
3477,16.50204968380484
3478,-8.182389787358545
3479,-7.576350086842751
3480,50.052245333972735
3481,38.80314532949822
3482,16.330766322433945
3483,28.560514862542618
3484,43.92103704816083
3485,270.43311623651084
3486,57.51111521407995
3487,277.81995985451306
3488,249.11260581099333
3489,264.39772670520756
3490,25.08821056347705
3491,-3.9439663251913117
3492,292.1111284363634
3493,25.41717884317734
3494,21.968590514674347
3495,208.32535914962813
3496,229.97748038764644
3497,56.69703673341115
3498,-15.575192786381763
3499,-134.95292958833585
3500,31.930759740764273
3501,284.35243006244457
3502,32.82002277030915
3503,182.51786692346934
3504,226.62836560153812
3505,32.09290609741663
3506,206.94182549099116
3507,272.1185473775864
3508,257.88204800587937
3509,267.78443706526855
3510,-18.85581663317305
3511,6.776868302490968
3512,250.19179541492494
3513,45.02066160673331
3514,29.47908874120438
3515,-13.695362691479914
3516,270.4276899329999
3517,255.78290238814276
3518,32.061130873385395
3519,248.5326196905305
3520,263.2006987932893
3521,209.78304065010707
3522,291.02210340470015
3523,284.85538363286815
3524,22.603715227452
3525,240.01816526207102
3526,278.9453246131693
3527,-52.2354518867882
3528,288.0934591982154
3529,258.28971180454784
3530,289.0074318857515
3531,281.8946499566397
3532,14.366965106537506
3533,272.13313211923906
3534,191.01292054769988
3535,220.49855364912742
3536,-33.625076729945405
3537,72.26048103634244
3538,5.764018330286547
3539,16.835608786114705
3540,245.90006589081312
3541,21.06636827676661
3542,223.7134976179129
3543,51.64224228009891
3544,261.739601482757
3545,265.22395585712115
3546,256.91455060840656
3547,286.06081794055603
3548,23.992616444658054
3549,290.2994069335319
3550,224.15517000916952
3551,280.8840872363751
3552,35.52548801018668
3553,267.0482255518092
3554,256.26347010112994
3555,50.440551328831134
3556,243.33405544474311
3557,213.90713913406006
3558,1.0285557521830668
3559,209.73028606797834
3560,23.123159561914065
3561,38.359350210590094
3562,290.1208696504027
3563,24.20895089153521
3564,38.68798209166417
3565,54.67949152350914
3566,267.1003023026561
3567,22.00267495007934
3568,10.722481037673234
3569,40.96758736758693
3570,6.81729214337534
3571,24.502093954800557
3572,257.6817518673332
3573,299.7413042454464
3574,16.1530494639389
3575,304.0060520115986
3576,279.70603489800374
3577,44.09698418655597
3578,5.507736087809988
3579,282.83049048034104
3580,256.0319363590045
3581,196.78053271017012
3582,270.13613368522977
3583,2.2504319590660913
3584,30.623489003017
3585,23.056977826928687
3586,14.314097186407338
3587,-17.63296436280035
3588,-11.320628648928334
3589,277.74606477645216
3590,-7.972794497503628
3591,9.933101495613712
3592,8.980542201226882
3593,8.885534270534293
3594,63.074543963016595
3595,-21.624041018519407
3596,290.02392777137425
3597,23.38725938622693
3598,26.418790840988322
3599,34.96808480157932
3600,3.7310384930917166
3601,28.60422086203525
3602,-19.035405762513548
3603,42.978879941608824
3604,69.50061001413007
3605,21.003180364119288
3606,-10.632141872293232
3607,43.81902749100638
3608,-4.8734826425834115
3609,28.506521314911225
3610,-26.689015592257036
3611,32.33137729748228
3612,4.906594428647907
3613,63.061943727270034
3614,-152.20475152968083
3615,8.40076125663576
3616,295.94410132079054
3617,20.654228567062106
3618,1.1225158695970663
3619,-43.017522188779424
3620,36.34757626308112
3621,19.194821545430315
3622,-37.83678439653366
3623,3.289541619426643
3624,213.94232730707031
3625,-16.754770373780346
3626,44.02692305275011
3627,-80.30283963748344
3628,21.598228434244533
3629,13.376973723472645
3630,254.805977037262
3631,9.888163589827528
3632,1.1527923828947166
3633,308.97573297990084
3634,-9.073095850059019
3635,29.09050396002604
3636,13.223730178705807
3637,-16.222583700869095
3638,28.329254929344444
3639,-25.712984997200124
3640,-24.51352765541536
3641,311.63510534259126
3642,22.181396439273385
3643,284.35561814081643
3644,-15.976557567644505
3645,10.188988531412193
3646,25.3349823899174
3647,-28.372846534559528
3648,265.58189518873724
3649,187.4707603493863
3650,15.062768979178927
3651,-61.566035027572696
3652,-41.37639608947571
3653,260.0795484231887
3654,29.195212565693737
3655,270.23198950407277
3656,6.744084450444589
3657,264.8038005277703
3658,54.892168684438786
3659,-92.2665664526159
3660,-247.97424052672395
3661,288.98035293425977
3662,7.264882856515797
3663,37.82802332000011
3664,260.5311131794897
3665,43.62834297096546
3666,264.48112548074437
3667,-44.390505173962566
3668,30.76509095183286
3669,17.461481208863063
3670,200.02808064339058
3671,-28.57958291978538
3672,4.9523274402839235
3673,243.54916443005322
3674,287.74300691260703
3675,217.18092828440757
3676,32.87988365507809
3677,111.56552210164512
3678,59.23539412588775
3679,267.28909498156565
3680,239.45535702732658
3681,10.82209375942898
3682,232.07818845519742
3683,14.009982443376202
3684,264.9406688883223
3685,278.82323185380693
3686,241.25632784300993
3687,253.68464735827746
3688,276.3457062436873
3689,286.8636500956334
3690,37.70256090364913
3691,10.215540335726075
3692,260.4819739245049
3693,6.727560627887229
3694,59.872034264737266
3695,21.11335326575859
3696,2.9917146651854694
3697,-88.5067413920919
3698,-23.98841778546496
3699,30.601239142564566
3700,226.03205112098098
3701,25.780589444126633
3702,277.66676627248285
3703,4.932041962413777
3704,1.2933509569417367
3705,38.495783763392126
3706,275.4102414797493
3707,261.7797151231025
3708,30.217094285038343
3709,-15.417694191246767
3710,275.7891916324974
3711,287.94503884529445
3712,270.8160602257875
3713,-12.564656109436513
3714,240.5516861739056
3715,25.22148537313973
3716,11.02846765849462
3717,284.32999343722037
3718,248.1078298073027
3719,1.3078961766744612
3720,-29.44223408678137
3721,270.3387997821196
3722,15.432584862651268
3723,18.49556021008047
3724,42.00804441809976
3725,19.768587796408866
3726,24.46533096442853
3727,11.685392400914495
3728,38.02422034708769
3729,67.22653075589926
3730,-25.974617564153007
3731,41.016641267981015
3732,31.36280078804117
3733,284.87080375460397
3734,14.984204182696217
3735,26.517000253547295
3736,9.499839196089141
3737,8.855998690054633
3738,278.17398553149593
3739,18.162488073330536
3740,42.755985183506596
3741,253.72021721653934
3742,22.432072690233923
3743,278.4108958786635
3744,-5.760856664639334
3745,15.361491002071062
3746,-8.468713517209608
3747,292.3193318163817
3748,24.91771775353243
3749,29.92065783286037
3750,272.51421173374854
3751,0.5708465657265123
3752,266.9722526248463
3753,239.44888785563927
3754,34.763853288466095
3755,-8.190957630441716
3756,3.28538027945352
3757,235.04198781426817
3758,-1.2347381846694248
3759,29.535757553812147
3760,-8.912517037349602
3761,15.987178474018734
3762,29.74270143748089
3763,27.930307658335536
3764,-18.299506361708566
3765,27.964874418215018
3766,27.164682498196072
3767,261.7124608924725
3768,12.298536315589246
3769,261.367672148981
3770,237.44933266880366
3771,293.3592504935191
3772,32.55607844911981
3773,299.4266207364167
3774,26.859561443704948
3775,271.2955210347186
3776,251.33499655027794
3777,38.96759079404248
3778,268.82677342652994
3779,0.8349142364866537
3780,15.04436895551838
3781,55.23152764704645
3782,256.8108756605585
3783,277.2399131528921
3784,-11.808015992511883
3785,245.47429469770006
3786,40.85450691796328
3787,20.74100636624466
3788,2.6371819492016613
3789,282.79759169460385
3790,6.9822484774040845
3791,289.6996101113131
3792,280.283877269629
3793,60.1910150580444
3794,266.1314324360918
3795,253.4502619717872
3796,221.90698325357937
3797,20.67762916369071
3798,35.40799948685276
3799,-42.62043526844518
3800,268.85203312976466
3801,31.050109367230306
3802,57.20036686347268
3803,21.91518549153946
3804,8.089996007587644
3805,36.35362044823606
3806,282.70531440651064
3807,7.602298511955738
3808,259.565003120094
3809,38.551268478620216
3810,40.89779515017588
3811,285.61343961853805
3812,-27.54542337797365
3813,267.0823700866639
3814,21.530942949192138
3815,23.188163205087406
3816,-6.655317317380579
3817,3.8055000544553366
3818,32.43691507399609
3819,67.58482497680095
3820,49.7119037703429
3821,245.66786785349188
3822,251.48337345758256
3823,37.191284616544095
3824,3.4805434682962186
3825,59.70380920059358
3826,35.852634251829244
3827,253.78524897405433
3828,279.62371113629024
3829,-26.561082275909484
3830,164.50080212997284
3831,23.259583861772725
3832,-4.374556821539869
3833,289.76221190381153
3834,-17.42551477164261
3835,18.795322930186913
3836,264.6919891825177
3837,24.285336015497677
3838,11.60588592758269
3839,6.071077844529327
3840,9.941120399190325
3841,-16.1842777509475
3842,41.707436091539165
3843,-0.40115441031606736
3844,266.41817285206173
3845,-40.7418865434194
3846,42.44342847278409
3847,6.832061563456392
3848,62.044583133527965
3849,255.31191043685493
3850,-18.10701463003251
3851,55.46189062004092
3852,275.7971601561761
3853,-5.038405651256269
3854,49.91002267067856
3855,252.7302444455641
3856,16.841862927119905
3857,49.10250021756269
3858,254.90379652760478
3859,265.0200593666125
3860,14.424537481117156
3861,-25.47751013194221
3862,53.94617829741682
3863,12.549036602509673
3864,9.35067767004928
3865,31.608115162342784
3866,26.62286042190796
3867,-30.128379885453697
3868,-6.8409472341783015
3869,38.13400092803042
3870,-25.809692072751147
3871,-7.145704203262014
3872,-1.3438570993411219
3873,-39.19085081924847
3874,269.0593080279059
3875,47.4170514577107
3876,27.87549778969469
3877,2.491108871799952
3878,-22.171668501158962
3879,38.70785581943437
3880,-4.698567618459805
3881,-13.529843760084376
3882,4.026652676504185
3883,2.622605996977825
3884,-8.959566227515765
3885,241.66014266099535
3886,25.645386273898055
3887,48.086447024582554
3888,24.706732637430235
3889,33.63121504890594
3890,-19.92375179807506
3891,249.21359123885497
3892,193.12604535225637
3893,28.85770269909756
3894,-2.957435908582852
3895,41.98414079837747
3896,-15.101272151659217
3897,260.0739992763341
3898,1.4570199617637485
3899,28.93924674131594
3900,13.25792203001869
3901,320.2393165495996
3902,22.706008822946572
3903,31.066107498461747
3904,217.51441797606512
3905,16.893298186993306
3906,6.224573581920112
3907,63.28488944652227
3908,30.83961471671779
3909,14.088245309541875
3910,28.233286503422306
3911,40.682165046424046
3912,254.10792823785602
3913,31.795016857798572
3914,25.494181128160278
3915,67.46451838352868
3916,34.63275249291999
3917,23.871207974665126
3918,20.111307831964638
3919,263.46605110265887
3920,24.22612104750023
3921,12.768220421827436
3922,-20.498694682414637
3923,-23.104408366741865
3924,31.246254605538724
3925,18.65606169826475
3926,18.010635523666338
3927,39.25949410318137
3928,68.44065334716461
3929,-8.968220069560147
3930,45.13731551957028
3931,37.269374278498304
3932,-9.104728099166294
3933,20.932570077116125
3934,19.75242967031049
3935,-24.25758286880955
3936,13.155355798741638
3937,26.652643246972474
3938,53.067087318329754
3939,256.7692615180694
3940,26.369503133075355
3941,-1.5247963224952201
3942,22.204798459781827
3943,-10.398920927660285
3944,261.1864231808298
3945,16.824140653671876
3946,-32.573740189941105
3947,31.2498751819563
3948,225.60227023835816
3949,245.19078889806087
3950,15.084546937788943
3951,250.9332434889733
3952,42.73026242279931
3953,14.856624661245988
3954,247.08410575230673
3955,38.782572483361605
3956,23.35352207477834
3957,19.34376034477758
3958,23.20315698211043
3959,-18.58878592538204
3960,269.5639858668157
3961,25.640588259362033
3962,31.251629783976227
3963,30.01019394464251
3964,-29.31732653062342
3965,238.70197485037195
3966,59.127623024243036
3967,46.65809612674201
3968,26.823057595424938
